sessionID,h_score
58aPyrqJm6zGYK6eJ,100.0
ZGC4v8gSTaT57XHsa,100.0
hEMGrv7bePnRy89QW,100.0
7n2oi7qNyLr2mLjxD,100.0
tZjwKykvMGZbGANQx,100.0
2voWq3Z8fWPbeiJi5,100.0
2pDY9YwMSDuPukvSv,100.0
MawzmRXhuf3fG6vwg,80.0
ijX58fD5rDmtJxAup,100.0
u9fCpyJrbmrrFRNBp,80.0
3uxkBcq64eRbGJ8WW,100.0
gQCvfZp5nGtt72TYE,100.0
yu97xNvpQAoJb65Pr,100.0
MyfdyLhDkhNbn4eeR,80.0
jhBYnH24PPAwy9jmd,100.0
bDv7y5agkCineSHmn,100.0
Qt9jM8EAimFHmy624,80.0
RKCRyzHM3G2usJ6FK,100.0
owqhFRXB9gpWpoySN,100.0
wCkiHjeugTpMzW723,100.0
StW6Bcukajnrg8fLE,100.0
eHvFQN6X8pehs9iQJ,100.0
55RMoBxZRMfMccvjv,80.0
BRngxgoBkrGxguTwo,100.0
y7kmyD2QMwZpapqZL,100.0
LJafgYsz36tekr836,80.0
27pPXmEC8iwGGyYeZ,100.0
HbjAYojL3kJ2JSo4p,80.0
wXpmgFtgdBxDLZ9KZ,100.0
KPQwT2dDoBhpnGpHu,100.0
WWkHmYRoGKXKGb9wt,80.0
McTbZrqpkkvHJNo78,100.0
4C9PorrC8BNzzDc4c,100.0
tLAFDYSMLBqNtgxAP,100.0
biZo4W5de6rQeh93S,100.0
a3QyaDhfYfudyXAPB,100.0
9AE3BfmgDwJNnouHQ,80.0
c9m6c8Hgb54mqqXHs,100.0
ezKSLzR6ZeenntAK6,100.0
M8SZreYmfQuDjt3tk,100.0
h867jNgt2AMbaJqme,100.0
sRsg87DvdrSwRCim8,100.0
oTyFi8skx4XzfSy9K,80.0
fXWp97qRCWxogt6ed,100.0
CsTAtaitoMXcJaoSW,100.0
HFvMF6oMKqSNZqT3i,100.0
mYHsENkbTw5XoPRzC,100.0
w6C2DD38fMF9xHGo2,80.0
NG9LzPq3R6d6unCtu,100.0
65pq7F46hqJbMpkWE,80.0
CmfaBNce763n8m52f,100.0
z7eRLHT4XNcH7tAdg,100.0
AhAt3SpEmtqEB42e6,100.0
zfTA5kvAxmJzBELYs,100.0
nxq9Bzcy5eKMDAGLM,80.0
NWWPz6yCBNd3YQE5H,100.0
4KfZesDFXu8AmFkkr,80.0
Ctvv92YqaYYDeGJ6H,100.0
T7HMehSfc34MEdcYs,80.0
zqkh87LShLNbDGaw5,100.0
hWse5M5xRhbWD9up6,100.0
DnHw4ruNM953QEHJ7,100.0
JZkbQaHaJm4JgGmEa,100.0
WCep2T5rtSj8oj6fP,80.0
jKpnTYAsFkR2BWJdb,100.0
vFsG6R4G85jfyh2Lm,100.0
bwjgjPruYfjS6LPEK,100.0
ssqi2sdZ3FTMYiu6q,100.0
nF3gKmhQKDWTDdPLm,100.0
bqNwgKks6FfqBtwZp,100.0
xzeubkMq9AmZjNMGJ,80.0
b5q6NNieBJmtHrJqF,100.0
pWqYxEqxwT73L4Si2,100.0
sJrKRnBFqZhswHLR4,100.0
juikMik8fcs4Saa8D,100.0
QMxyKy8esGCs4Q93o,100.0
YDFbwXHaiRQ3vMAk9,100.0
rDrHnhaRBrQNJJFJ6,80.0
Yzwu6k8W4xY9Qjh9W,100.0
MLKjqhumSjmemTuFX,100.0
8M4XZcNZxdCSpYJfA,100.0
zgiBPCZNMqACteHan,100.0
CzKEjCy7suLHF3Enx,100.0
QeCcZ5DNG9AZdKFyr,100.0
nFpCXcgvt8ju4vPrZ,100.0
n5QHmWe6NnZTvLHWH,100.0
SrhvQ9LgKPcucvJS2,100.0
qM6QmnJdpY5YQpKnR,100.0
eYYmwnJ8WPFbTp88j,100.0
bhxgMtpayxE3QijWH,80.0
M9JZ3jCR8wNJLnsTM,100.0
DGkjbFyFCcw7QKejL,80.0
KH6CHxCutF8kQpz8D,80.0
7KuN7QQcwjxPmobHr,80.0
uQZhLNvnnz7pKagum,80.0
sbHtbicgL3Gq7mmmB,80.0
7gigajrXSkW4B39pJ,100.0
NQyRYL7BBLdy2XwS3,80.0
G5MdXq8thh6CGg3LG,100.0
NX3A7L53ZRtJMh3PT,100.0
5uj3k3qdmioGYBdio,100.0
gQDr3WMiLrRf38m2e,80.0
h48Pzd4fXAJAnxB8t,100.0
am8AAxnmjJAkpRDLx,100.0
HwMkT9q6J6a9qRT57,100.0
btvTDvoCQSsepERMZ,100.0
oNmYWqBeP4nYX54nk,100.0
oNMfRfbubT6STd9cy,100.0
JgWWJEyzWBSSsBeKG,100.0
dT5MwTSgeWSx4cucR,80.0
Tc2ufk8x5Ra2j69FP,80.0
4hoZMPi7aDSv75pR2,100.0
NeJCZzYostPisaS5D,100.0
gXzGNEAPvT3oWsv2D,100.0
uGmBrsNTJY3Di8NQq,80.0
LCkjfoTfnA6bgh9pg,100.0
TEtEkwzpALGMrhomT,80.0
hcfhFF27Lh3A2pcBH,100.0
ZYyq8cmfNkxQYpyN2,100.0
xgvP3Sr5JHK4SpkqP,100.0
fzzxi2HZGub9HRXJs,100.0
AbmewtpqfCDCK3x3s,100.0
XmarX3GXexBCxcrNJ,100.0
brSATeHX26ASK2Fv9,80.0
zAENR5nqKsEDhgqcp,100.0
wDGtWs8Em9mz2Shk4,100.0
ySKRpmNaSjmKX4Pqd,100.0
sBT4QfGvzSRknKDsh,100.0
PC6kaEm7j7CFjZGkN,100.0
EybdiYZczprfggTE3,80.0
EaTZjwghGT87Z6ggZ,100.0
yF73siYBxBEAJu7uh,100.0
TZKKQtkXj7foTpgwB,100.0
nxGc3giFtEZNBqAor,100.0
FzJJp6WDH9pWpKrsR,100.0
oLNfCgZYoA2Z9TtBH,100.0
XrnxXR4Fuiu67uyZd,100.0
kMd5oy9aZbP8EDHPk,100.0
miy6twBCqHoGD2qhk,100.0
WG8tFzdqc97b7sBeF,100.0
3noQbG6ee96bFNt8x,100.0
quw6hNwpyqNdeX6fN,100.0
B37KDjGAJzygndpDQ,100.0
avFRGhWAudjRtyKdj,100.0
DD4NcpXegczTQ5wWa,100.0
gmfz6JkTTBG9qvNB2,80.0
qoqyTz645to85AJQa,80.0
5P8svB4bWF4ZmG3dx,100.0
dS7NoZJzmjuuWYYhB,100.0
qRS8AwqJeQhE4fxsr,100.0
6T2XLYr7Wfkzf4yfy,80.0
LrhhoxF9eTc89ATuh,100.0
TswMNGkWphmifcnQj,80.0
aoqkjhuh7zeJambuQ,80.0
os8DYKH3JFTrCbsHr,80.0
rbn3KCpDpue83pdvY,100.0
J66mRegfbmKtZDjNJ,80.0
ZmkfDH8LhmApWKaAy,100.0
gmzmJuLC9K8krctAS,80.0
PaGitKNQJWjwwWBJz,100.0
jShhNBy5rjsbg2McF,80.0
cx4Bxag4RA5NdmHTw,100.0
qwYgfScRq4avjRErY,80.0
4TnWnqGDEx35XW4pY,80.0
6tYTXPJCLMe5S2ar4,100.0
ZxgnhresAGTmqxdCX,100.0
Gpxus3fjYDhbNx6De,100.0
gkdZfgWEMNYFqCoWW,100.0
9kvLL6bFayW4qab5v,100.0
YMGPEov4AWbxWfaNa,80.0
B85aLn6wRmrRjJPPz,100.0
J3dgSF3WgJaGptjGo,80.0
uAz6pjRgxxjgmx8X6,80.0
BP4yKbbnTzaFw4zoD,100.0
iPt6iHn6svLHGzWhD,100.0
pDd5RRdK6z8zhSzCf,80.0
rJMb5QfCRmHdb9YHn,100.0
9pmdpfRiM3t37KZwd,100.0
Ft6QFqyHGxJ9NQNLW,100.0
Fd8pGMbfhMadRLeSf,100.0
Egxy6XG2KBcSMKvQq,100.0
uzGiGQbLeFivwXgoC,80.0
3LMA5j5Gnr4QvcXM6,100.0
qgAfQs3fBitMkpxmi,100.0
KmhqCAyyngNgCqaKL,100.0
NscBbH9rFa9eBWiSN,100.0
PauwHdLFEiHTGSYQc,100.0
kziPwDjHCZuWxhgGa,100.0
8u2vAMJ6ojioEoYzw,80.0
tTZkZgJtXWnj2BQzB,80.0
JW4ESpJT6YMfjNGLz,100.0
rXXREu3wQodCTNpXi,100.0
tXz8hspCXZ9y2LTWg,80.0
EbS3jrpzwZoRntvbz,100.0
QtMDKmvQs6gDQGaWY,80.0
7JwSKweh9wLJ7Xtbg,100.0
yFGdo78Tc7as9Srim,80.0
e7o5sgGPqKmk4J6cy,100.0
rKqSRcuzXE7WrEDGm,100.0
ZAsi8DQ7t436of9DH,80.0
BMsTF7J3xFxdpaTu9,80.0
zPvnwnHoH4w2P3qex,100.0
5btFnWnB3fT5xk9Nw,100.0
ifxHXitCvZpeYTPHx,80.0
prdxEnW9WALrPXqoL,100.0
pAp7NPwBZF2oarjpP,100.0
Q8iC59JBSPe47N69r,80.0
tM9hed4inFWH6jt2j,100.0
Boiu8Y6JBMKyz4eqk,100.0
h836tLbJX9QyqSK9z,100.0
rXRuJCmstQGe3yq26,100.0
cJkbdukCJsf7TFQMs,100.0
TPRGyQGo4TPn4DozG,80.0
NdhZo2QKNXKW8uuHu,100.0
Y8YzDEjtmX9hm4tFF,100.0
LSEarw6aR2tMZMNRj,100.0
LsfZSvqXqNNsn2wsL,100.0
hQCkNZfQofWx3dfBL,100.0
zrXYpuvTrBBMynzgD,100.0
opeHrnPaPgsW9m73a,100.0
tE7iKQsQqtvupWHb8,100.0
g72EqmnbaWS6Lm8FY,100.0
xrr2u3gtK3czxYPrs,100.0
WFM4Cir8Hs4h9mdY3,100.0
76nC6raysvHwMMhSX,80.0
kr5FnAraKqHaxuzzG,100.0
d6DNR85wp9Qz7EWPX,100.0
iRZkWuxNjZJhfS6xG,80.0
P5JfCD7NuCqTTZHJH,100.0
7t7kyRi2dJLdwDhPp,100.0
PmNbYiTnTuoikRvy7,100.0
tZdf3G74GLGyqQQPh,80.0
kqPaEzvRRzDr5rfCB,80.0
8T4g9gu634fY5gHYP,80.0
2MEusbbF3PJkeTqon,100.0
hjK6cx7q5cBm92GFM,100.0
gfgsCHnQRrGwg7wqg,80.0
pimw4HzvRF7Ma6a3d,100.0
Hca4gdSdtqrii9h4P,100.0
DMQqF8vAgKQEYxiTt,100.0
fgeykwuccSsfctjF5,100.0
PaGL79zoMGc2WMsN3,80.0
PtiSxc5QLC6ua3xgi,100.0
aWHup9rCN2kCZ7fsY,100.0
M7s3efDnvmmARwYux,100.0
TJ25CFidsXHTT7bCE,100.0
w7gvW3fvEFHx2d8KS,80.0
3BZNczKJvjkuaMpCY,100.0
WDqo2kpAhpYdXrLde,100.0
vwqL33KrBqoTEHfsk,80.0
wgPtHgT2Qho3c3bGi,100.0
a9pjJT9xjEzobNjDu,100.0
4e6NnTC6ARhNrCEEs,100.0
n2BPa4RBr9debCw4z,100.0
xTbQQfkvZaWc5Erdt,100.0
MYzbsv66JQpSBBfwt,100.0
tECPzd4gPRuas39YS,100.0
oy33q4hN2uBqst6JA,80.0
HqsPQTkDTJbTQyaop,100.0
YaiGfLgMy274R4x47,100.0
Nc3emk8nKSSxjzyFd,100.0
46mnf2H82piCkRhgW,80.0
vFeAXsida8SzSp5WS,100.0
SY5auStpR4cmdvvyN,100.0
nPCY7359tRSBzfWP8,100.0
Fy9JAN5gLKbmG6KgZ,100.0
xm8dbQ5xikQdkh4Qi,80.0
iHzZpFqKcvdk6MjXH,80.0
bnARfquj7x63FuaxW,100.0
Mz9rPSxiLJDjtyx7N,100.0
JkESzvaabArFLSQRs,80.0
KZp2WQLu9hDSrgiD6,100.0
WfLTXvyvBLLAyZNve,100.0
qmuTFBzTrXtZWmMjd,100.0
WGrA4JCevPo7zKwBd,100.0
PLyhS8Lm5rCGiz6c7,100.0
9Pp78NYP8etRSw229,80.0
XoQ5tExPvRkywMh5C,100.0
ApRaMB9fCSwo9Tafy,100.0
7Kxx6qZkux8th9wGu,100.0
pCK9a3oiBhCEijGhc,100.0
h6HCn2uFwMhKyraNY,100.0
JsTisKF6Cmsh76AMm,100.0
Fgy8bshHjyNjtH2qS,100.0
6rtjDr4ncuy4xfZhH,100.0
aadqhE9Bg6eCgqbYq,100.0
i5ww7sLrXzCJptLes,100.0
NfpTdMEJYhCKG2auJ,80.0
MXPeLWhDoSkoXc3Cd,100.0
e8kuZzg2yttvJeS9B,100.0
6BRarnBXDnxwRRCBW,80.0
2BrX4mjZ7rB6YErvQ,80.0
zKdQhGNudgoozaeQG,100.0
ef9Nuzzr3xkFgtpb5,100.0
Hhen4F3Ws6oFLfYaA,80.0
v2Rx48GhvLhfPppzL,100.0
4W9S8nCCk4Pdzxx7W,80.0
z4RRETSaHDZjpFfcA,100.0
vfWpdqgaBNwwMqagY,100.0
PBX55RD4Hyr6pxTjT,100.0
zBuHCRxqHNkoqPduE,100.0
7B3z6ahiqwcLjTufg,100.0
xSA66hr3AqsKwkB46,100.0
tsKzmKzWPPpFunRb5,80.0
3jH5FTNbwGNQ2Em6L,80.0
fYr5M3eNxsq2w53bK,80.0
hX3ySazwfB7dPDBYb,100.0
ZMGcZmKeMMfGhAZYX,100.0
SZhSHon8eBvMWqqoH,80.0
zLkg95kjQ8KZD3Etj,100.0
ofFQCyb9tdbX8Nez9,100.0
JnCichuGFzznX7Cva,100.0
KC7mZgMwhDrcDtjfz,100.0
DcPSk6v7DYBCuGnkB,100.0
de4jCXtDPL4BeTpDc,100.0
vJ6qdMXz645rb9aGN,100.0
ubi5RGqSrmcyGetRW,100.0
MJbEimhaJf3qDTZMg,100.0
sJaJpGczmtPxKQAnv,100.0
hif2Ninqg78pmSmXS,100.0
tZs56pScpghtjQwCq,100.0
89ozymdpWkDXddtsL,100.0
prbpYDZmHAM4WkMgY,100.0
FPj8rdTqrZbm7H6pR,80.0
p64maJqT4W8odpzKS,100.0
RvXxYCgMRTgfJiZpu,80.0
Pkqk9Y369zi5ntrw4,100.0
KHztWYNYQdSzRbyjy,100.0
QAdwS6ZsH67tZZPiN,100.0
YmBnzT9oYKSxcejm8,100.0
gL4fFjsFaMyxnC3dw,100.0
bygRA2cahRMCgE5n6,100.0
A9GfS9Rtjqmwh2Mjw,100.0
fzwFQpCwykDstHFXm,80.0
WTnYR723iyGszTDCw,100.0
k2ckwSsA8uZEwbHQL,80.0
28WpqbbseFtkmcqqv,100.0
Z6aoNgc6ZgoZr6vi2,80.0
Eh9SgKoZDi2PMpDbK,100.0
jveXci3ZAgsnpcEAu,100.0
2xgMrAAQRaLcKaEFC,100.0
avWWg8LbfedkqAXcy,100.0
Bo866ocHcuNThHRYH,100.0
FnLa2dwvsYpfTzHoT,80.0
eWcRcpCrw2xHtWhNu,80.0
fksQnd98DgrQgaofL,100.0
mjop5Azk4q9hZRAs3,100.0
2rZRJbYxJfmsbiMqs,100.0
hXTt9JhdPFthxaMdp,100.0
wHCHff246FKfeEhuW,80.0
CswXegdM86kmqG2ab,100.0
FJJxTxkLQuXD4tqnt,100.0
PAdHWzWZ5qSeJEAcw,80.0
N8uYFLSuMiuRPWm79,100.0
m88JahbNSbZnb6cMY,100.0
SLaa4KRawr7Nf3WHf,100.0
e3WcCmmdmQCr9fjud,100.0
bzwr6Hz7b8pAK78gw,80.0
2JriT8sZfomgf9sxp,80.0
b4BH65uBwRuyCgkmF,100.0
pnv2ERu7qJ33JDPon,80.0
cyYKSGgP75pX3q5eo,100.0
38Qmdh65FHDXJjqBk,80.0
wHfhq3EshZDYy87bE,100.0
TrSgxdHaHrG4bk3cy,80.0
Av6gvwD3A84f89rtL,100.0
PnvrxATTeoapxGkNH,100.0
CJTfDQjGKiLiCNKPc,80.0
Hx3nvHdKC4ZSa7dwF,100.0
iuBwFx75zhkyfH4QQ,80.0
pRYorHv8FucQvBTET,100.0
q7Mu9qcWFgWrEdzRf,100.0
pYX2jdhYmHmyeAhh6,80.0
pQ56NS5aZsD4qMSdB,100.0
yePNLDHxBH2ryuRav,80.0
9A4eovQPtioWDfzH6,100.0
ZN3AemQkJdXZ46WHn,100.0
ce93gjYEx8ia7oC2f,80.0
6XkWmpoSNW3z5GoXi,100.0
aRku8aXSQLu2z48iL,100.0
ojeXdM5jLbCrrgLxp,80.0
6tYyGMDCthDeTy98L,80.0
zZD7uBwPQRjXWCfaZ,100.0
3e3jiwGx8tYvdqPD9,100.0
NJCHrNxkmDRCHRJM9,80.0
BWExhEpcy9Sh8qBPP,100.0
GkmnYeKwjtafYJAs2,100.0
3M8hJx5h6ppsx2CnG,80.0
9QkH7YYeHPZcybTpX,100.0
6AJBsYjCCcCv5HQEd,100.0
Yg7LWooLS4nBSLhpw,100.0
6FMjizrbkir7uTcw4,100.0
fEv5CQZzdtNKMBae9,100.0
gFqCaGpqGQR77BYoF,100.0
h6z8xKD4zeD5M86mB,100.0
qg77sCkgZ6cpHhAaL,100.0
YhXTbftB4SHoQDCfX,100.0
u78fBrADY6H4r2sdA,80.0
ZDBYWTowgTRhhrdjn,100.0
uddeefSiM8Myir4mt,100.0
xK9EdnSaTt97QnZWa,100.0
3wwmxmpLiBv4yPSQp,80.0
zdRwqwioNCxipAZ5D,100.0
D3HgdvFq35Z3kHkW8,100.0
MmdYMPzfWHrQcHZj9,100.0
wnjyyaracGE6phEFG,80.0
AnCce6JhdnDpDTJ6f,100.0
DFHTntNfyEmnADExg,100.0
ddBGXM6G5vjkW67Cc,100.0
kQ3icgR2AY9jjTBge,100.0
kFPWLdTPJv7jcYtv7,100.0
92s6EE6mpDMC4d3ih,80.0
jpRz27jAXgxcjhrvT,100.0
tG7SWyDJuGcuBmiF5,80.0
Q8ComTucBdjmddXtp,80.0
8qrnxHn3r7bi2sBi9,100.0
8qtoofcaZfuqZT2Qd,100.0
vS2x6we6QXXW3FKAE,100.0
SQKaGp56aLHR64qx3,100.0
hsFKJHT2h6CaiDK4o,80.0
Ny4a26veiJMcNaLbe,80.0
cbBBhujNJTJZpobHz,100.0
hXZfv9FWfru2Y7yMr,100.0
z5Az53yLmGdFixDT5,100.0
iPPd2Cr4X3BKGus6F,100.0
v9ReLH3o9zEheDYk3,100.0
dZJoSB4RrMMZavSz9,80.0
59fB7eQDBQLn2ZAJo,100.0
GwE6pqJC4MBnoEM7r,80.0
BB2rYPX6wxHQqyymX,100.0
CXt9wQZzBz8vF2QLD,100.0
BGnWEKtDrCQBWitGe,100.0
F9PxmgJybtCYs6eKj,100.0
krybscu9kNAHrdyyH,100.0
Z2HisMjR72treqHMz,100.0
giD6ZdfQouX8rTcdB,100.0
uMKrzBJGfwdqAhSKh,100.0
W9bRGmXQMBvzdBrbK,100.0
Tm4jmQuP3rquMeNPX,100.0
8AaT6XK8iWhKQt2Pj,80.0
bwkmwnmKKbmXyvpCN,100.0
pseJvBiRtxLJRftnp,100.0
MS6AfotZrrcLfrSS5,80.0
MGMF4Lt6EnRmDdzjn,80.0
iM7sSoTqhCo4eMxkX,80.0
SnjKJRhfBeJcZ5YWH,100.0
ooMJkKzwH6h3BDia8,80.0
uyne5jYoPmymgFHpm,80.0
zgrSC3WAebrA9BaKc,80.0
Tr4a769yGRsBztC3j,80.0
QejAzi2X39H4FsTct,80.0
6DjjFqLGZXdE4R4xK,80.0
o3Nw8sqBzBG7BQuxK,100.0
GRPp7dn4cc3goCS5R,100.0
xPiwWf2QNJdBDRwrx,100.0
a6RKhBBnjrGMdTHPZ,100.0
9toFs6WBY2Ay42cRy,100.0
rY44jof7mt3yTSjBy,80.0
jgjffDiKrrSkrXDYE,80.0
PTtjXb7L4tnnAac2H,80.0
ugJuuuqJLhmAetASA,80.0
EoMZB6ybSAdLWchCS,100.0
v9ACxj7YiWsbBXnGn,100.0
uxxLpLnzFH6p6eT33,100.0
afukZJbDaDE9ME3gy,100.0
BXKgqMMgobSyb7cus,80.0
FdFpaK6jecjaJJKhY,100.0
EstrB57JAAWQYzDfg,80.0
PC9QWTnKonvbKSyTz,100.0
SYd4fRiuqSpjr6TLd,100.0
mzCXFgiYyHKyoPHdz,100.0
M8izZ4s8SNzzQpfaj,100.0
mScCAe2QfAfDDLRdh,100.0
92mBjZJXX9chty2ir,100.0
nrFFGAbeSNBS79C6r,100.0
XbxjLpof85yvqt9S6,80.0
NTFEDCaxQCfwkKJJ2,80.0
b8XHDghthyJSXcYwy,80.0
fejHW2br2bsfjWz2P,80.0
JdREDeR7hzCmRMFfw,80.0
6nSXLnNWMujWLhqts,100.0
64Y3o8obv6FJqkFF2,100.0
NNtPQE3DRFyf8n8nE,100.0
qxHuTn57n8HcJBgui,100.0
qCYwJfK39Wra72tkb,100.0
Ag92AX9cWu5KDQAW6,100.0
r6rnbgboE68EdEgA5,100.0
sj9TEfytaWkQcbbLd,100.0
YojiXeGeJGokCfq6N,100.0
cRb7pGvxCdifFRZ35,100.0
GkuWQADrKmwSiQkN7,100.0
EHhEKGK6YgPwgi4k3,100.0
R5Not3BNMdSwM2tdH,80.0
cpczafJfMdQZsEEki,100.0
HewRcH3MPNg3XduaM,100.0
HAuCLu8jKiomyTCdy,100.0
G9K5cZ2EnyyN8WXJL,100.0
Z6hsdMRNqYiPtBTe3,100.0
ji4aXQe9c26X2FjBd,80.0
TKQPRHpK5QfHSafHY,100.0
sQ526LiDrnmSJZD28,100.0
uyavbL5L8zTjPNSBT,80.0
ZnTr7r3RMiCnKBPZh,100.0
wCS35scayCNjZuJrc,80.0
9aKgHL6wpQrtqH42g,100.0
94oHThpQ5T9KALucf,100.0
NaP9pvDSmntk2Bv3L,80.0
jaTjYzECEtQap9qh3,100.0
m22j37uKzB7DYAu43,100.0
6D7oxXhEoMTNnGbgz,100.0
KFDsb64iXzKq2QJbm,100.0
2ujmaPohQkKShz7Y9,100.0
jDLF9kDm84wahv28X,100.0
3Byyu57KNzBQGTQwF,100.0
kAJuXacQav6GXkKfJ,100.0
dQeRTFCQdcGzS6tA8,100.0
d7ph3xyb9rZb3cqRF,100.0
WSd8qQguJMmPQL82j,100.0
vK4YiEsGoP7y9EozC,100.0
u3a4spTRrKtBDFWwD,100.0
PL3ZYwKfNixGnADYP,100.0
nMgZC8rhiYJy66Wwo,100.0
rETymiPSoNPc7L2Fk,100.0
DRk36z9oYJ86DL3GA,100.0
FRnqFNsMA9z9EMHvi,100.0
JYDABgvKXd2e2gwcv,100.0
r26jD9Md5oEgERPo8,100.0
4HZrGPmTzcwBMp9GD,100.0
ncLAp6szTNaaGuoY3,100.0
pnQW62dcmEF4prXBT,100.0
kkREjX94JaYaa5bMR,80.0
gayezy5u4GN5v9YML,80.0
SRKxAZ7QhAhaKKmHT,100.0
ZtRAwfnRNCYoovfgf,100.0
svBXHTkmdHGtiPw8k,80.0
pZEhYjqibBnFFHwxe,100.0
obmudt3avTTHAPZXt,100.0
6PHpQpWQ7x9XAurkp,80.0
42CD35oM62njRPHvE,100.0
QHSgnAFmmQ7XTiJw9,100.0
jPCiuKagYhPy6HKvk,100.0
zKZgYxSGDSLh3fitD,100.0
6gp59TRbiDA2Pve2j,100.0
66sYvQPiZGiet2LiM,100.0
zRynNEHtvTPk72Hma,80.0
vQTP8CDnqCtRbMHdf,80.0
2rfAP7eLFYLBbDWLo,80.0
AW3waxMm44pxjcMKf,100.0
hXhzPzurEnfNwebj5,100.0
Xosu5kubSqe5ZZNXs,100.0
cmcFnBiFN6oHwsovK,100.0
C2AQqMdhPrbeZNmYW,100.0
Z227htJubmEbY5itM,80.0
C3ksxWcr2fGKbDsTi,80.0
f7ia5tMLj9bn7ziMp,100.0
BPA7bnHCQ4aAp5DXT,80.0
D67KKuZctNowb9zqZ,100.0
Caa4Zw9gTLiTdaKqK,100.0
8nw39HZGHPYPfdjE9,100.0
oZJ82M8NaMCn8S2tT,100.0
d3xLTKdqN7p8nZMuB,100.0
xs8eZE2fFkdkF66xf,100.0
n7uyYXDcQu4JRiqSB,100.0
HJSWp8MmRiao8BfcD,100.0
v2LnJ6jpbYGLTWnQx,100.0
vSNWiiQj7bLNxZY8a,100.0
oJFjFS2EH3aJpNhsn,100.0
XvwBJFvfeNKiD92aw,100.0
cqttzmcZGemFWDz4J,100.0
iCMePtmHdWBrcyhix,80.0
jJ9uTY6tA3aWtfvmo,100.0
DKtog9CELYatTN2MX,100.0
qWHywFMov4QLnxZBW,100.0
qadqqSubD4XyKGGSC,80.0
pntmwEBR4QXDomQBB,100.0
zPu4KT67a68LfKi3K,100.0
ZYTwSSztbupBHeRFM,100.0
APB6ZLwHTa4mwcS6A,100.0
goMFjmxxrw7R3TLrr,100.0
f2y8uWpjPrJyQ6CMo,100.0
5oMPB6Wf4pcugwX5c,100.0
zD3jBpoap4DBNwZeo,80.0
6KWfM3QQxz57dcD9w,100.0
fMTbnt4B3LaPvLTBk,100.0
vXP7LfyNQnhhwbJ6o,100.0
KkxbtL3MSfD3dbSF5,80.0
ReK4pZ2AKM5kn48TB,100.0
b958Pdx8k5sE5zRqb,80.0
n6zh6avALaFvS9pYn,100.0
TkSpmZfa3bLWNkFmq,80.0
EC7QgxXDrhCaYu7Cq,100.0
n8dbvuGiLZHi7bywq,100.0
jBEMqx94KkBMBsy2J,80.0
zdQwXaqrbXxSdFoun,100.0
Qi9BLecK2Kezv4tpq,100.0
w8osgtpQdWYBmM76B,80.0
foA43rAXbkckJQ8ai,100.0
ndaWuHLhTPR9bLRQ4,100.0
yWeuQbBu5S6CRZk3W,100.0
aEgNDbC6KsQh7PnA2,100.0
ngx4BvQTEbcrNjrfv,100.0
ib5hiTLb5JR5oNPYA,100.0
Y5GwmHpnDs2LYHmJC,100.0
26KQ75MdK3PqrLZeQ,100.0
qtDq7ET7gi4BtRLJv,80.0
qJRi3QRSaigqZ8HHM,100.0
e2Zw9y2rPuQNxbpcW,80.0
Q9MCvoS9SYFuiZzbs,100.0
dNRNPMfCwSNQ4MXPT,100.0
nfk3DvRPrXjHF8EoA,100.0
SPTwwW4ugRYCxMgPi,100.0
gCSB5guuDkjo6GZKT,80.0
XZrw8568jJ5xQ4apv,80.0
ST85rpNakhFER2FRC,80.0
Np7crcLRJgNMvuxNx,100.0
mhyvWzTmrz3y8WMds,100.0
JgEM3c9QKaL3rPQvQ,100.0
EJKYi5Hhqb5sTmPa4,100.0
DbYanSGQNW8tBp8G5,100.0
dFdtjBNJrMBhiyTyn,100.0
JThAP6D3mbpZY3Aem,100.0
fEbz7Jri3hiyT2EWE,100.0
bDnJXamZMsPnxDWc4,100.0
ZQpQzfNCJ4qemsXw8,80.0
jxTjyzgzcy5SqLZnM,80.0
3ngfuhMpDCpuGFEMx,100.0
v24DYouu3t29fCsrk,100.0
P6FfJaBQcoMBbbRr6,100.0
jXcHTH2LhDCpcr2y3,100.0
nYsLsPbpXzkwvHPE9,100.0
m8Ccz3bSHWSdebeE7,100.0
AvvB8he2Sy8nk7Bsc,100.0
2Yt7RHrFH9G4fYFg9,100.0
izrkEHREoKjqKPN5y,100.0
8a7oNsHnsHarmsER7,100.0
gx96ofLoJc5wTpQXj,80.0
u8e3AWFara3pHj4bT,100.0
NFBysBhECRjoNvhjp,100.0
bCNaKvxcmezyX5jAk,80.0
z8dhpRZwsxEWsHCau,80.0
Tr5ghTakPzgnjC4zC,100.0
gzR7DhFRp4zAaYRKd,100.0
J4tySBpK5oqMy2hPm,100.0
KKPJ7AZR5mrwrD3jr,80.0
p6kB2rJh5vDfYpdir,100.0
JaHZ6oK44s4RmGW7d,100.0
Cy8JABRYeMT5JXh7K,80.0
SEE45AzF3Bok7obgZ,100.0
uPaCwhwCKDkhx3wuT,80.0
k5kLudWH3yTxHHPzy,100.0
ztbmiqKmCPPC6m267,80.0
2Y4nmeBwqqXkgnk6n,100.0
bcpv9DoTYa4bX7q7P,100.0
4FYc39H9NrCatdXCr,100.0
ZhLBeTiJri2iWkt9F,100.0
sHkE5whfuHQPjxFDC,100.0
2hF7wfDmHhXrSMyhj,100.0
XHhiDrLQebvM4AmZE,80.0
b646GEzonD3F29J2h,100.0
Xj2nfq9uhodTfE3Su,80.0
auHpEpLFeWMK5vweL,80.0
XtEBYLaaM27iGzJp9,100.0
yZE3tyqBmrafSwuyu,100.0
rSPxsZJRNJyiRWpKQ,100.0
KvQnXMe9CZuqeLA3s,100.0
gKnJTceTnwowGQLWv,100.0
BMgecthTtGKELQm9d,100.0
m2xn9b4ApwfQ3s3NH,100.0
kqkqm3K9teZMmi3Qv,100.0
4PvhEZL8oZMCcXCTc,100.0
5kzrGQnD54t4p5BSS,100.0
FzymfWGMEDuGbLR53,100.0
b3HZwHuhC38baZgA2,100.0
zs5NECGxybXJgrzc2,100.0
u89cWesDzfWfWugcN,100.0
EH5sXS7RRGr8ehaj7,100.0
aCkWFkprPu3cCHZqn,80.0
ft3nQw2BRZtEyq4ij,100.0
pg6ccc7wyB5kYDMkL,100.0
gLWFNbPaXLXkTLMsw,100.0
LzQoHTsrXJXHzmc8w,100.0
bYS36NtG2avs65Jfr,80.0
5ZRpZjnNtgxzAwWwn,100.0
5F75Bpzu46RDoQqo4,100.0
mawB826jfYAKMPsHf,80.0
XW2Hw4TebE7DDdJfL,100.0
xp7SrgPBdPhedJD5L,100.0
6SRK2uaJZwvKYckzb,100.0
6Lg9ws3JrNLphGzrX,100.0
hKHPeBA6i32eTfmRe,100.0
qrmSwee6Ba7jDYkXj,80.0
mZkCtbFe8uSt3FLvP,80.0
wqjhmJX9JMfm6yE9h,80.0
LKqs5EsjR2Ysf7NhW,100.0
W26KC6sfr9dKDY67N,80.0
uonyM8ZFgSEF88onD,100.0
7L4xhZWYGB556YHK8,100.0
5X9t3FduN8DTGYQAY,100.0
mBfZLpm49K2eukzRb,100.0
SFj5xYWedGHCwJG6G,100.0
5YYS6CkX6RRFiX2j2,100.0
nrvhtbpMESQWYQETr,100.0
7k98r9rJnHxhLtiJE,100.0
vtLtdCc8Pdc6kukgk,100.0
vqFLZ3SDeTiFCtaeg,80.0
epPto6JAWGfkxNBnQ,100.0
Fhgec8tLatWma2GTD,100.0
5Hci39RxoXFmKGkPx,100.0
wioQnTCRkT3uLWGSu,100.0
75cRjWMBzkW8gRYdi,80.0
9tGc4LHvfHWgYvP2r,80.0
Lcn53fBHhwEP2LJ5M,100.0
FLGXoPjsJshoSPd98,100.0
ixydtmpS6mjritjGz,80.0
neCY3raYF7yowi87e,100.0
mteWTdmFHcqSBM6Lu,80.0
TzZpCvwzqQ3K79E2k,80.0
mccgL6TgQNwTSKJmp,100.0
wYAPYHNM4EgpBjWEd,100.0
7krsKh9gRFLFm6wxZ,100.0
cfbSnLjfcnkCe6N6o,100.0
2hEdgdC4Ys39dwfrD,100.0
GNKHiqYgW6dbqFu9f,100.0
6jCgjjGXMZSmcmGXe,100.0
mqy5ZSviphpf9kaon,80.0
mcLjSKv32ns7sA7Mc,100.0
wAZ3uCkyE2BtdeeMa,100.0
p3jZE7Z6cvQpyBfEq,100.0
ewHPLJxBMmZMDRrPn,100.0
FadogvZf6xpSi9Xfh,80.0
2SorrJJNAPxp7PxZh,80.0
69LPtq6wXbjQJAS8j,100.0
EYTbakQ8YychJZu3h,80.0
XB2CzKANvRbTuX6xw,100.0
PyWStBabLt2T5Dc23,80.0
AMizF8yqbH2uQBCy7,80.0
C38JGkBcCC8QRbAGs,100.0
Mu8ZRi4DJrtjMzNfW,100.0
C6dpsmQhgMgbe2gHF,100.0
Q5PDCgDEt2pb3Nmtc,80.0
p2SR7hdKe4GfTNWms,100.0
DZanweHK2DhghLuss,100.0
cGhkTcxv7CJmDEzmy,80.0
nf2xM5C3qdRD4kpf4,100.0
4Zbzi2oapSqZZRYdx,100.0
id2HB7WeYaEG6BSnC,100.0
pWBNCusMq6jQ7rM4c,100.0
6o8cJPEpw59pEjn9A,80.0
Naduknt9ZxziqNaja,100.0
pKJf6AugRcJqMzMiq,100.0
yW275jLMxgJCHwigZ,100.0
yNYLdQZwje8E9LH5f,100.0
6e9jMQuLZ3L8M8Ax3,80.0
BoqjJ6vsEJR6kucmp,80.0
QpES3PpWxbEJv58Hp,100.0
FAeejjinzKdJerhLC,100.0
Qa68Rgwx5W6f63rTD,100.0
HkE6eZf8javpdeXmM,100.0
pqTgActQfGLvNXDj9,100.0
5CKh5irveg7v2uREz,80.0
ssqTjqckzqhxZk9cd,100.0
yGMAQjLhoq4yfsPy7,100.0
P7wH4HdArft4cyWCJ,100.0
fruGuZxnCsJAzP5eP,100.0
LFhmkCT2A9RzvGng8,100.0
XwsvdRNvG2AgZr7QK,100.0
FaAkFxqz3hzTnwtGa,100.0
d5vALoTom6ncjMGS3,100.0
gzz8zMz6YfmsN6ht7,100.0
wzxZA3QFzrgdpCj6Z,100.0
HasSQSJfqJAXDyva6,100.0
Bx7mYZBGgk94DbwJJ,100.0
msgzd4xfvv9P3oTWv,80.0
DqmaAaYAfQcmeSiu2,100.0
aPkb9EFPok8rzBpMt,100.0
pGAg9PsAbNMnKiRvW,100.0
gXCcqhtXGhrsv4h8e,100.0
pD5B2sWsESNB3NZjZ,80.0
Q7ox8288bub2rcFfh,100.0
yCGjitzJCDB7Eiidz,100.0
WEgRCnvw4R4yYjymX,100.0
ZP2dZJ3tG2WcLZ6dY,100.0
b8Ao4aacqDvwNPTQA,100.0
sZfxHuLMGe7YK5A3f,80.0
YJCH78b5pNJ3XFqcr,100.0
pc3TviDdk3rge3c26,80.0
gpqi6EWHNoip9KnFw,100.0
T2qTTDqRQ8LawjxvX,100.0
uiy6QdEqCyNFaMcrE,80.0
v2Kuib5E7rJgEK2SZ,80.0
yW9v7TLiPHkJi8e3f,100.0
hMNQKF5JvoDzR5St5,80.0
FsSqcuxGCoSvRgofb,100.0
TDxePCf2zDShoDSTq,100.0
kby65uGANfYejpXPG,100.0
MxpbCbMWvNjoTG8EC,100.0
jrGm9DBLfjqJ2QSKw,100.0
btcowEoWBJ383ByGu,80.0
r4eDaYptC7gpZ6YNY,100.0
7BTvDitgPZkf7xitH,100.0
mZwTi8r3sicpWAMLq,80.0
MuAC8E3DGeCnE7xHt,80.0
iLinkrprPS4dNQCZt,100.0
vCsEZEQzp7pATt92h,100.0
dcdKEJyLaJ5qhfiAZ,100.0
ZLJKThyfpSX9KcTph,80.0
o3d2c2oDTwdi6taba,100.0
msSP3iMfEFxoBkYjf,80.0
ESv38qu9kAzhmuJby,100.0
6n3J7BcvPPeusguTT,80.0
QWMjZpzDbJswhsgjJ,100.0
qgoL5FjbPsZ3sgjqF,100.0
wFaoCfRM6f7rcG9gk,100.0
BXs68C5dHsWudxSqc,100.0
wRuxYphiHhYhFuSMT,100.0
sqAfaC3yZ574MS8mJ,100.0
dpfTpQm4QWxnhXfxM,100.0
MNnj9HGQicfAkq4ie,100.0
9i2GuvZF7pkE8qkyB,80.0
XbsNsSzhaCk4eL3Hv,100.0
Xqmafd6CSQAZWg9XA,80.0
58RRwwMSJ6q59tACR,100.0
ZMoFjQRro8Aqzfuru,80.0
dPj6p9PQdbHkQkCpN,80.0
Arkz7Puic7m2wXudo,100.0
DKChB6Cn8qCm4q8HP,100.0
XP2PCv5uYjBfcvKpQ,100.0
2LCTfcaaQ8KxFe8KC,100.0
iZhFsfeT92BX57AHB,100.0
uERxRXfNrPBFputvA,80.0
7MzT92mdTQivbWeb6,100.0
5zTp9CsMAh9G4JcjP,100.0
ZMYo4sbEnvw52QNLg,100.0
RK7hzRXahmFYJmC46,80.0
PtNKohJavffBaonup,100.0
7KFRQSKxAZrqkzz2E,100.0
DxeyDGpxqTT8Yb296,100.0
8StBBdRmLCiiM7wLX,100.0
hGT5EJDnthGd6fA5q,80.0
tqChnYT7CcEiytrsA,100.0
TWvcuw8PLB22LzuJ9,80.0
kYvc4oCYT2mY57eM3,100.0
4EgQP2QtACmmzyD3X,100.0
jNfcmq3QdjwsoWgJ7,100.0
hePgdG7pourKGKZb4,100.0
LzuYxepAkn7me7Xfg,100.0
SpkDTC2frQ6tqkr7M,100.0
yoYFTbDTtv54tv3y5,100.0
w4zRCsrokf25e2pWe,100.0
tCZg5QWHRL2rNXvEt,80.0
yW4AxGzZbDo6mWMHK,100.0
ZTmGsEi22vQwMupmg,80.0
J7AemPcMp8KxGJdNZ,100.0
tMZeKpWRPJz7aJpxo,100.0
g7hqb5kqMvcYKr9Qi,100.0
E6J69XfqjFDoe459K,100.0
hcefYQTDMWkzmXPQu,80.0
CATywTPYTqx8SZgej,100.0
2QyDsC6uHZ2q7cHS5,100.0
YZALgFEZcutdHjTRY,100.0
eENG7e7xooRGJti2K,100.0
dawreR3XtEkr6y6Eh,100.0
hwg2ajDH9gqpwFcxy,100.0
H9x5YTyMMQgHqDmph,100.0
ZyeLvogYfLpAtyAAj,100.0
64cgts2SBJhfjuuQu,100.0
JfajDo3He5YyEspv2,80.0
Wuz8svntrMKT49rhK,80.0
6YLfFYYYAW7anCfgD,100.0
fCJzjvNtQb73sP4eN,80.0
8dWMBaig9NRRE4kka,100.0
ehMpBGH4NjkXvXDez,100.0
jcTMYwe6y6epna5cZ,80.0
deKjrQYtrWfvoYTBw,100.0
8sTDbQRbqbECdTeyp,100.0
2nyWvtsuFC23rg2ME,100.0
bTctxsWxpf8Sme2sr,100.0
Xa8S64SEpyYQkcaSr,100.0
KT8qAutvvkwvkqGJf,100.0
iuxreJve6Ma6JuR27,100.0
4JJwMXsu59aKWEqAX,100.0
mfcWAqamMCCWeuJXm,100.0
9ovwuZpFcXFr89cQj,100.0
CQHXzRqrxt9QnRzPS,100.0
pSTDPxNdvZSCY2t8e,100.0
o2mXp77TbqaCxNZni,100.0
X9vAuTGHBR3yYayLo,100.0
Zw9eac3mYkfH8cM3C,100.0
Z7LGY22anfQMto3pY,100.0
6BKJEc2z87kEbZv8F,100.0
HLHfxNbaLqGYLRnxz,100.0
yRXkqA9HFBxGroaTY,80.0
pNymeAa772zkvdgqi,100.0
TvLFeFiBsqzdyYfy2,100.0
cmxKnHoMmgNoXpxu3,100.0
AyPMhdyNQ67GR3T9i,100.0
9eq6KJHfmNexfxNRk,100.0
frX2QstA9mHyQQ3KS,100.0
CBoiyMiPy9BBe8c2J,80.0
sNXqsxsbgkwonPd8J,100.0
kdRWSD4HFvaYFr5MM,100.0
CFJQH3WDtnkFBCTJ3,100.0
MGsvZGYT9PBo8gixC,100.0
JigAr2vkTK3m9N3di,80.0
pD5FKhBTQPDmPKkiK,100.0
Z7AQjxTfyELQTMLFJ,100.0
hBk4p4nhcK7ar3cND,100.0
zvs5h43exz9tetrhu,80.0
8ZLb7jxsg3At8ifGS,80.0
yawWtAvC2qvGNHHZB,100.0
shx7eCfEqycPFHW5f,100.0
vsqGCG8NyTjxo9HWA,100.0
6TGh5osEk24Wcc58G,100.0
ouRebFu7tb2wPfzCM,80.0
zRTjzf4LCouKZs7TJ,80.0
Ypg36zuqZFH9AMwwZ,80.0
PPr4RD3mQEdQJCbnk,80.0
a5c7GAnnoKKEbpoXs,100.0
Mtwwf83EQhTvZGWRH,100.0
FT3httvMjXH2JEZdY,100.0
4PvbQ8sJ2az89wTmA,100.0
hqGpZ9NkmFj3DB6P4,80.0
xrRfLmykct5eWmLaE,100.0
nSnABcuSJWBLBeGfH,100.0
n57o59tKcdfJg3Bk5,100.0
u5bpxarzj7c22ECky,80.0
Qod6ifdH7c32mhXAz,100.0
avqGz9wiiSgvrKaXj,80.0
f2wboXwoehzdi2nPE,100.0
meFERctKCiFgbyjQ7,80.0
poEsnM3n2EN6QCo65,100.0
WkY7Ldmbn4xaziA9v,100.0
Smav6PsGTmzaJ9ZFT,100.0
WBb25KGgvGwaPzP4r,100.0
LKN25uKtqTJrZ6Y2e,100.0
Td8Nmq59DzXQWLQQz,100.0
xtXHSmoXWKJ2ix9G7,80.0
ENmijzx8WQdHhReaR,100.0
CGx99cGK85eSJyWth,80.0
kdCRmbjR4gCSuuvyR,100.0
gcPSDTRD5kcLwDzQ9,100.0
rnEkDhdwQ6fRm7cyZ,80.0
9fy6saK3zPFLXENLd,100.0
eSdCz5d6BTKveBvAc,80.0
CykZMaJ5nvp8yvCzZ,100.0
CNLk7abFmX66CYmrK,100.0
vHwR5GLJjifRBzmai,80.0
p4kJTaSK3aGQKxudJ,100.0
6R3saKBTmQ9FTyWDY,100.0
fYiinw8uFLXKacm2E,100.0
zjrzRaFrz5c5yhHtz,100.0
FMZzuRSFimXbAAwcX,80.0
qfJYwhRunckp9zb6g,80.0
EekA9PDQajTEpfvse,100.0
6yuJhtEi7nbrrFQs5,80.0
zuB39u5Tzhm7L9oZJ,100.0
DnCEmQRsLMytA5ayc,80.0
TfwSDMbmqqaMcp4Ky,100.0
sD27Zrq5kwCSK7n4w,100.0
cHvr3t3KtkbLRfhEm,100.0
uWidHkHMXC48EPqnW,80.0
2bRnypFxpGtYdifty,100.0
9N4seRmBqx6FiL2o7,80.0
C79Hyr7p27ZkF7F6i,100.0
C6eJPW9voLhzHjfND,100.0
SSZJqLTFvA2kumwpE,100.0
oZjwgAoGDEfGnQ696,100.0
uE8GXhdjXRHFdALMc,100.0
zusYezut6yPfs2hDc,100.0
b3JSRx6p6peNSQr33,80.0
5J4oHoLFDJichnan7,100.0
miwdLtokuXfBKeYdN,80.0
w36GqH4PKY2XZsKrj,100.0
ZiCJAtgAh2xDgHG9Y,100.0
fX4JMZBdQfW8GdCwK,100.0
Tcv6HRpGdpMkiYDMF,80.0
AhybdFkYYACkczcK8,100.0
9zB2d7ZgnWCmfC9kZ,80.0
kyQoXBo4z5nQDYBAa,100.0
A6cssS95qfk75Ncc5,100.0
TgB4M4K5foP6xWC9B,100.0
ZgJMmgroDr3CDWipN,100.0
BDvmchsBsycifYmam,100.0
MCb9HTK5LADYBBzww,100.0
opJTrGWWmHEkc8YEF,100.0
9XhLyL6HipZLD7CHq,100.0
8ezcXyPDbmw5bhyJd,100.0
bp99PMtsoHDjDPx4u,100.0
6srXyEotpLHybLLGc,100.0
Wpqokgu6jM9bzA2xZ,100.0
D5YKir3ZTXyp6479h,100.0
PkMgH3xaCvi2HucEA,100.0
Ly7PrQLX8a6aBvo3Q,100.0
kphP6zqGYinqJPBCF,100.0
E3hdHaxpgWKdJvJay,80.0
toSF3T2gufkmmznhT,100.0
Bwgm47Tabumkb5v3N,100.0
BGQq9H8eZ8a2r5NDP,100.0
aNb6KbqbRx9H69ZvS,100.0
wxy32MWsTeJz3Zd5c,80.0
wv69ByGtWAkCympBM,100.0
ppEae74YKmquXn2Fx,80.0
b3vdecaFmtnCJ9qdm,100.0
uwgs6oijoq4dHx45c,100.0
w4gZubPiaJgaT92j5,80.0
JZiyCH66RbJZfjfD3,100.0
k42Hf6dRzquc4goq3,100.0
Dz3p3wdJzZWPd3da5,80.0
CMtCC7DK3bmNCNvT9,80.0
iGr6bvJzm7LGKBLwd,100.0
QQDMNQNcw7LfpQ52B,100.0
bXYrtxBK4NGcE79st,100.0
PMkpYHMTxpGWCsAXR,100.0
EXv5yBeFSmQFmkAXg,100.0
BRXcaRsGyJGjf4qDA,100.0
abtQcir27iQjZQ6zv,80.0
DHxh3qf3hQm7GC7cT,80.0
dBCH3aSaSC3HWsD7D,100.0
GPW9zwLejQPg2ZYZZ,100.0
qerTXP2e5ZgjTHD8W,100.0
f6AMjbczPhMCk6wps,100.0
8vHXM8feWCEYQzYfZ,100.0
f4aJuroTJpgjoiTNM,100.0
nQoaqHMANNFHncvEs,100.0
GWWynr84JCHQ5TR9E,100.0
qkm8HFkm7HS4kSkEe,100.0
5q3KRt6f9rdhv7mHv,100.0
kyrJ7PBwNkCPK9F5N,100.0
qu8rrP4RXAPDLxSBu,100.0
pGuvcx6MiK8eZbwiz,100.0
BJChG2mDHSN2HMJQg,100.0
KCtDNQxEo4FJdyDPK,100.0
hz7RmRr6a2NgbzYpm,80.0
HaR8ozjsonX3xp8Nk,100.0
my82Smy9RdsiXapAk,80.0
LKo7a29ekas26SeEu,100.0
CxTFdEurTtJjzyw6R,100.0
hftgqq9ySXYK6KZm5,80.0
WXSBDeKgcv45i54DJ,100.0
QjRomdMwsjbucQ8hh,100.0
ccJEbjHq6kSysqr8R,100.0
wfRnPsCeAuukbixxq,100.0
kGPmpXByWTzcehuJ7,100.0
cqA3c76xF4ntc8Rws,80.0
ow6kaRyja9EWzRZSr,100.0
gnr5cbCqMJJv9MKGi,100.0
vBGWngk4xWwf8bZxd,100.0
LpwAq9jJondyhWbbw,100.0
f9zZmq6KACMwXrR67,100.0
PRGeKzAGySN7pSNwh,100.0
L7DNgcDGcujsBdPyS,100.0
Kcotzb587FC37oiDt,100.0
phNrLvTpx3aaz4Hyx,100.0
w2kztT2ug9c4Zfi62,100.0
hCQ3khsmtBgNkp5Mc,100.0
mn4toufysrHxxHyyQ,80.0
hxoBXFSZTK3Fh3ZMn,100.0
jGeMgYJo853xhM3YS,100.0
irTJSRXWop72pBaNd,100.0
hPAtX6PFJyLv8AQzh,100.0
jAmFWdQFAK8EvAqFK,100.0
PvLG3yN5DntZjPY5X,100.0
qoz46MdDdazXmgj7k,100.0
BBn4uoYx9qM9mLXju,100.0
aWCCe6k82SZuCChom,100.0
zMRrQvneP8iqLnwGv,80.0
B3xwu8h889gBQCFLK,80.0
rn3Xn4HbPJxPJw8QJ,100.0
7TYJFumeoipFKpp6c,100.0
A8ypbPiBQxHG3th2e,100.0
bQCssMYztb6fnSTz3,80.0
5gsHYfK78viMse7YX,100.0
xm8ThbrqeL2qxxxQm,100.0
z3CzMQgYMYdgfWkSF,100.0
5YKAfMEE8J7mReYuP,100.0
QijRsNqHdPJSbXoQu,100.0
nXZ48djBpD3sHw5vN,100.0
NGzJ6vxQg4iacTZY5,100.0
6YGMvduwLiGbtbode,80.0
qHCJS4E9CmMkz47ti,100.0
tjHzmozTwvmfNpJte,80.0
RkeTdXuLwgTRMyCM7,100.0
MpmTLAnoeRuiPuxHn,100.0
z8DEMCxsY59rAyEEh,100.0
8KGJTPf6mjT6WEBDD,100.0
SLJd5CPxKq777d34c,100.0
559tCQpTjE5m7yHXi,80.0
XnbaQaWifRJSJ2Lqs,100.0
g8CpiKBdC6fd9faXF,100.0
RgraZuzZ7snYCYTWa,80.0
SC6nLSdiA4LtjqjwK,100.0
rSQ3sRWoHStFjYvo6,100.0
7kgMru9RASCPddKmG,100.0
rhtadmRjZuHbAXDWD,100.0
fXQ7D3Sxe6uyKiGjb,100.0
7gFTQ3EaXQPpErg6y,80.0
kMk2SBW3ng4jodspi,80.0
7gSqAmay5tKsrHqz4,100.0
mpC7cEYfGsqSPbDum,100.0
oDFm2HwLuZBeXLw55,100.0
MKkq45if6cMhqoZS3,100.0
schqwdeNeay6yy83T,100.0
8sRWWKHkZA9rmr4eb,100.0
eog7s8aHxr7aqx8T9,80.0
fQPtCkxjCfD7JWZNm,100.0
XpYW9RqzMgj3x7QTe,100.0
bBfXWHEaeuiS5PBJw,100.0
8jzNen4WgQ6GsrFaZ,100.0
3fzdxGTjyzmYB3Rbh,100.0
LuF37mPL2tdqkbRX7,100.0
oKt3oegKqMSc7eDgx,80.0
FDm6pre9LLnpbrsZF,100.0
23GfcKk4FwXYYeKEa,80.0
NDGouvZkvcZnkJbw3,100.0
Y2X9rgS7qkZzpwyRq,100.0
gRkWum4os9H4HuDKA,100.0
ucAFaqn8SPyoAPYRi,100.0
oqR7MFAECALBiCrKP,80.0
6Jk8C8uFtMbGRTpAJ,80.0
qGofoR4nXERZMRTYf,100.0
haWb6P3eB8zhQTCz7,100.0
ywKAnqG68JigGfQuL,100.0
ZRkCYqH4bszxeLx2e,80.0
kbKwD8drmKgBpXXpn,100.0
CtEz9BDTnEpBuxq3p,80.0
gkcRAbhGChWSkYRjv,100.0
TajgWqB3H8pxkWLXg,80.0
JhfiDvpcwetzJEiFC,100.0
SmxNq3YrpLpMkCspZ,100.0
Zxc4fv8FCkzczst9p,100.0
ak9B4Xb5YWDKGF3Ge,100.0
Be5C8oEQ7DhPgQFpe,80.0
orPuSyCicePDFoY58,100.0
NjzgZmbdFtpYX6xdd,100.0
WgyNYhkxqMxKhffim,100.0
t3eYTSCLTCur7zWeQ,100.0
aNjLzsHxJHsMXoyDS,100.0
bBdgNmSetphtyseq8,100.0
t7MnKkfmimYHnygqj,100.0
sjtkQu6FynmXmXogx,100.0
6XzY4vc6BZpDnAACd,100.0
LXt4umjLJ6WcjZ3TQ,100.0
8fnCGZvXGD8xMETtc,80.0
DLQ3n69oWrfagnMCR,100.0
RRQFsrbFh9eshzAGA,100.0
3CA59acqwYnznQa3b,100.0
5idgx2NkQYX9dNKZc,100.0
nSvDANtXzPdCZayy7,100.0
abuaWcSW6jQqNQvf7,100.0
bJLCRGze7QgDDikKW,80.0
X2ra8CZsLsD9BRm8f,100.0
EgeCsKX6FjW3siikN,80.0
x9NN4TBN6AKE9iCkk,100.0
4GMPoanwZJgWqq9yx,100.0
SFxWe45ZJaRSSKDup,100.0
CDmuF6EEDKciZNArQ,100.0
4BQpfngKBeghoDxH4,100.0
fqGirYTuwWYvaeFYR,100.0
dF3m8afZnSqEthkrt,80.0
z3FdKQr9uBBWF5P5T,100.0
vkfE2APNb9PXHaTvn,80.0
iTMXuFk8EzcxkMjbX,100.0
asH7u76kJLR8RW6DC,80.0
ABX7oJnjZKuHRvQXu,100.0
7e6XoKR2BZj4tSqf9,80.0
S6yEbzwuu3wogBR8n,100.0
3TSoB4dZ546YeYiS6,100.0
BvQKwHT8a3FXER6qg,100.0
sd9237XsrsXkhTf2N,100.0
ZoGz6CRHYTxkCaPa5,100.0
zvTDAr3wDTF8iHZ2P,100.0
D2kHJP7kAPiFNFfJJ,100.0
jgoH3rx52Mh2nHdPt,80.0
uQZm2nSyqTCgMZhWn,100.0
YK38eHkzpmeF9YEdo,80.0
8HKTCEuSo9un2bATd,100.0
LT9qXfoyk8ZApitzb,100.0
T4rSJByEvLhrfM37J,100.0
3d296YgQcyH7RvkP9,80.0
eLRjjmk8CfACnkRC9,100.0
c3NAsXm5ZrdmyX2Bf,100.0
vWfLuZbQNnWxmtGsM,100.0
nA3epqATNbWXH8fjp,100.0
K6okZW9z9JNvkH6QH,80.0
JhsHjbocqakCqdTyJ,100.0
jLC8GHjX8fNo88nRA,100.0
kPzYgrY7QoumazsNa,100.0
qZF4sthPaTajBr7uy,80.0
wo9fMtunHrRAnXaDM,80.0
Sg9zhzKcYWZxXfz2C,100.0
xRpnTzqnYDhHKDynT,100.0
4n3i89MGGkXNYQ9aZ,100.0
bc8tHcn7dytf4Tprd,100.0
eBTo6rh6EfBLJkDZv,80.0
TvErSPJP4LDpi6AxP,80.0
NJLrEHoo4ugjfpQKH,80.0
NxQjGSFPr6fnZvtsH,100.0
MZyXRLyZMSuweBYtY,80.0
iQ2GnDe7uhGj6M5PR,100.0
wsb9HB8EMkRpiMGGW,100.0
NATHxSfSrvx79w2wi,100.0
EAs3FZho7kfzHxvt4,100.0
AwssLmvT67P5esm9w,100.0
aGAz6aFwymZcxweKn,100.0
eYx8hZQq4SahqTjZg,100.0
ed2GzZN4pxbWYt3Yv,100.0
jP9izRt3p4ZcCuyCz,100.0
H8CMzsDPt6a645BAa,80.0
Hhdqyo2hFtg2XjAXC,100.0
MGkH3atjFEfSwrmin,100.0
wEewN5GR7v4YAQ4dR,100.0
WtL9buXyTLTt5Yhgv,100.0
STxYvZKtGGP3sakBn,100.0
aJpdbgXRHqTndvYaq,100.0
pFjGQWzipWfsd8wNu,100.0
Cj25MKjd8N2xYNZdD,100.0
6Xepc9pBF7A5JYv8F,100.0
v7NvLKEwYgtbCDdRR,80.0
SpaGKZ5EawQTRbwhh,80.0
zmBXYGtdGBeYMB2WA,100.0
dEJziueC7Nf6X6icH,100.0
t2HTFD9t7qtyMY9iD,100.0
B9dxu6nLfHiYM3z7q,100.0
Gspp3y3SQcAcy2c2M,80.0
435DymXEzhjZ3wR3n,100.0
P6AcJRdCZBpjAZmLE,100.0
YEyyyF3sYqphDRAgQ,100.0
FaW7AyaYFuGxEkiPt,100.0
6TbSyXALhkxY5XCKa,100.0
mYsx5tZ5BYCxkxZN8,100.0
8sCjPnwKDt7yWu3je,100.0
yiDKR2YKZGEa5XqHY,100.0
fceHTFJm5dbMYtZ8p,100.0
5uhiS9hbwmnFBk6qf,100.0
aLvNkcQX9aYisXkYJ,100.0
r5EFy2LPJZuJkhaDu,100.0
5eZfJzTK7AX8jLj6z,80.0
eRr4CktZYzzWJfvmC,100.0
a7kmWzkkqKACHZm8k,100.0
ps7zpyPEJQ9XwRveb,100.0
ZeMHtXw4jhMbnC3yB,80.0
B9sk79bd49gRuHQrd,100.0
cChJTd4Cgo2RSEn8P,80.0
GMMtpJmyEZDGTtFiS,100.0
TuDhjxq7NaokR9xrq,100.0
ZpRzsNqsobntE8D3g,100.0
LPNNvnkbEtEQfv8Kx,100.0
jwrSPYKauEg4CrspE,80.0
aSAkNehRocJBn7eNG,100.0
H6FSXawH5vwa8vHSv,80.0
HterPabPciJEPrngZ,80.0
7Loyb3WGwCaifB2bb,100.0
3GTQf9xph3fdj2cEW,80.0
XiPZZi8DxpirPQopq,100.0
x2QiD8MANR66JYnJw,100.0
LiK9DRdWWPcLRh84w,100.0
NAKsuzkT973GHL4rt,80.0
a43bXzukDnohNaCcH,80.0
2Ei43jkRWFoNTdNXF,100.0
gz6HxFsxhXwE3ZMzH,80.0
28PnB6eDmu8PEBb5K,80.0
mAtCgBb2QxboZZykf,80.0
BzwQJTi3XrfqeaHS8,100.0
uKXo2bdurNhsvRMBq,100.0
GyqGxLeThLkxeJQMg,100.0
YsgN6RHXGA8iPFSWW,100.0
2mwRxG9KpBJnGw8tc,100.0
H6CmMycdHNq78FERs,80.0
AvH4rCGjB77HBzBbp,100.0
gBDPDYkKeDGdKG6bC,80.0
um6AskAmgZMApjbqj,100.0
tMci5uSe3K6nJb9HN,100.0
sudba6v5YhSjJ6i2C,100.0
qhYK58YZ8usv8nQke,100.0
P4n2xSJSNzctweJRo,80.0
xXPg3SnJZcEABKLMY,100.0
NEf4yeR2PGCNLJaDe,100.0
oXFEdGnTnWsT5tKzf,100.0
fWXnG7agwpkXHpEgs,80.0
pt2vBqY68Pq9wP4LW,100.0
NPKP3YpkCnNbwBziF,100.0
22ADwdaRftNgdaQxc,80.0
AgpocuKM35xPp9uWN,100.0
8Z83F5gZRrQwK9GHk,100.0
gAH3HdeBg3BxMtfco,100.0
mQzm5L5ayhNyC7a3W,100.0
KQ2fX94rQKxjidLGf,100.0
2ssp2qSQYRp7G6kev,80.0
E3io5KbyisozLhuDc,100.0
treeDXLzTeGEWrTxJ,80.0
JWXPNFKeu4R6AnQBH,100.0
nvbBaQeWgmLwtu7hN,100.0
LLtB86WwQrhqeP4fA,100.0
JPpMEEQnfpWrxcWqd,100.0
Huaj6oedn2WghPX8t,80.0
wsbY94CkxkpPD3zEd,100.0
HH32kvqWJ7QzwT64w,100.0
85qbmboyXtiPtGEvm,80.0
z6fccqkMKmpjPpwu4,100.0
jvDaq9vgauLz9gz6K,100.0
JmEq6njtms7c8qboT,100.0
4RCBDF9GWk9Nnc9MF,100.0
WLAuiKEzQm4xmQGhk,80.0
QWcwBncymNQXThMKr,100.0
WBP3aoMWc6LK6eNN3,100.0
3RwbSkFjv8WothXok,100.0
mQWuWLZRjAgWNmqWw,100.0
HAGETED9N48BHk8S4,80.0
qRhLFmrtGZv3aDTak,100.0
qPf9hYckc8K7dKsHR,100.0
236tWEbnFgDDoR7G4,80.0
sdxgpxdJZmxQZfMky,100.0
9HWMKbQ5Lf7Td4TX9,100.0
KXfqTkH5wjNYK5rHe,80.0
nx4EqYDoPP6fKw2Mx,80.0
bh2zvLwaR3oMkx5LK,80.0
crMu3tBezaukr2qjQ,100.0
rp5rFcXui3eQdTHFG,100.0
meW2uvdcp9cwssZer,100.0
qsadRZkMTnYWTEv9j,100.0
m9YigvjSKDDKNbs6a,100.0
FiAv3LP8PRvbcy9De,100.0
owYchpeNY9m48NzdL,80.0
ekzYkHRmjT3n2AfXH,100.0
SWmpciAT65FraueEK,100.0
szDB42kkFBdF8hoHt,100.0
HXCSMgsTFrY7bp6FQ,100.0
MWXvD6SowwycTWzSf,80.0
DoavdCveeuE7S6JRm,100.0
H7NRcbbCFNs4tCAgG,80.0
mbW2dJhnDsnt2NiiA,80.0
3y5NHLZmhuSTZ8iRw,100.0
avprtxgqy9X68Sttd,100.0
mXJSJpkBTEKeqmPcr,100.0
T63TKSYbhdo23RBk5,100.0
ApE4Lf2Bo5Tw7JjYi,100.0
AW7LHpk9DP8qq2M9r,100.0
CrC5o98A4BfBxubpE,100.0
S2u7iba4a9kXcaZMS,80.0
2SSkkq5LBQ2t5pzc7,100.0
jaCMRM8E8SHdjwcfa,100.0
fTsfNE7Cgp2pzKRCe,80.0
YTg43tnjmEXCCZjjc,100.0
9KzhpDL8DG8Fg9mnR,100.0
KFv64wdpi5TnxcCsF,100.0
M3ZGbZWxeJrYiw74Y,80.0
Saw9AbMMstFCGWvkH,100.0
LE2SE3ZkgAZrMhpRB,100.0
wgK6N5p78djL8WXhX,100.0
Mz92jmNDttpnuQMpq,100.0
7nZKKEYpska2SQrN7,80.0
5XoiTpkb6YFWoC6ns,80.0
RsuagHiD9TEZdQEk7,80.0
w5gHW4cYrbN86cuTt,100.0
KuoJD8KcDCR8xPebS,80.0
5Tws7QBTFuRHjsMem,80.0
LJsvpPr7rwurGuCff,100.0
MqoZppFq8Kt84Kpyg,100.0
2BHdfTho4JhADkuvK,80.0
cBNgGoS6P2RY2qDQ3,80.0
9ybiQKoQmXmpFnc55,100.0
xsGtxP5r8KPevXp3R,100.0
34gNjyQiep7ijnZMx,100.0
2c2gTNzusnLwPTZKG,80.0
sYEGWTjQ5iCStDD9J,100.0
RCAb7dRj9MzTy4E5o,100.0
r2sSpNB3rwmZM6s4Y,80.0
nqoaFKb3uZ5prszcz,100.0
3TcJ2pDCq6aSdeJFb,100.0
tDfvdFXmjLBR6vchy,100.0
7pWzjNBDghuYpSDp6,80.0
wdjtwnTDNacypgZvN,80.0
4jbbSJCRbsZxAtfw6,80.0
W33DTd7dMuKx2YDNF,80.0
Q2HXqHxDShFdaFi8b,80.0
w6FjZTfcs5P7yd8G7,100.0
BAqmSqv29trsii7Q9,80.0
vrTeFJPqSvBbSqzy9,100.0
caJXwEonPDNMRZphS,80.0
obGabia57ETscM9YJ,100.0
Q2fPi5HDRSmM6dd5s,100.0
7jG67EtACG4bkkEn7,100.0
GfeL3dMpSdantxMR3,100.0
FBWhSEbAX6SqP4FP8,100.0
8zyBa2kHryS94RY44,100.0
MKAuDMRgqGpnaNTNX,100.0
ad2Fx343YXu3EcsWW,100.0
pRxPgHB5e6z5sBTDy,100.0
Qej8LFY8vGjuEHPxa,80.0
ZCEPX7iT3LGtowsfz,100.0
jCSCzvPr6sAzkJhnr,80.0
5ZEq5piDP3cJn322Z,100.0
Luz9w7ju4zFm4ZK8N,100.0
FnTodgLbWSHMNSmXB,100.0
ZDQge9eF5BWPnDNF9,100.0
ton7LibunmCfNmBEn,100.0
MFA2EEhJRFp95EMMC,100.0
jApuaKHfBzfcjqs6B,80.0
exiQYiQvAZHJ3TWsY,100.0
DmZYfYway5AYjqaXH,100.0
boLNPiZpSMCcxKJB7,80.0
Godv2BHn4bDKCL9gE,80.0
apEvD7m7qGvNBsn9M,80.0
4BcPzE7S4yXzhDNho,100.0
uChejMTxacjpqRRoj,80.0
j3pvFLfwubzZuzppa,100.0
HPxKCBYxCLTTEYM6H,100.0
SdS5msSj7puYgFCD6,100.0
xDrAPikdufjCjN842,100.0
5RAcHwgnrRXiFf2fN,80.0
icE8drKXq82jBuJNM,80.0
FN6QTSDu9f24EEwne,80.0
9nQ4C4pk8P7L9BzKj,100.0
2spS7nDR2wB7cSHAR,80.0
sHJg8cP54iPPy77eJ,80.0
3qwpkSSHkDjj8pq8b,80.0
WaancS2bpLEef2C7w,100.0
xiWRgGgC4KKEj7kr9,100.0
oxSDZnyy3FwiTxNrX,100.0
YuhWZhaNYEBrNjo9f,100.0
WxXZnsL8kBiusXTzi,100.0
yEvCYbsmQ3BwteGay,100.0
PZnmpdZWg5GXxvEFs,100.0
KbxKZ7jnws4GZ33TL,100.0
ESdCfW3rx2hfh4QYu,100.0
amtkY73YeyJgYH7j3,100.0
vgnvdvYWbAN2x3H4S,100.0
hsfJ5kBWpSuDpJrii,80.0
dXXxrXwMarrBauu8F,80.0
jqHr6X3ppwGTP58YJ,100.0
wQ8Qfizn3A9umPDan,100.0
J9tpjjw8KmJsKRPt7,100.0
TJ6bxQWvd23diRshY,100.0
L5CccXPE6rKkok5E5,100.0
WgrTtvh9ppwZNBw9y,100.0
WrgPMvS5gnCEgRW2P,80.0
B9Ej4iFhc5NcyCZSC,100.0
mLsARsKyWvB6hqxbq,100.0
y7BrGMRrj7iEdGFNo,80.0
vb8etH9i5Cp5hr3qy,80.0
eKQApgacaR995Zbx9,100.0
Cxz99tXRvP6wjoqJK,100.0
YsbvvZbmG7yuEL2LA,100.0
WTGpGK9EuCGchQuCw,100.0
TtW2Q8ZR4BJpwqikp,80.0
juziW5GRAp76kmPru,100.0
ry5EyK7XsDeGLSdXc,100.0
ttKiLhJ6v62G7gPjm,100.0
k75hqDWpHKQH28Ji6,100.0
HbHfcfRGGSMQwNbHk,100.0
kFqRgimLNizybAhsq,100.0
Fmk3bAgBHdGSvbdkb,100.0
8j69yEQYMfGGLdcSf,80.0
dPRrmJv9rwKWxB4RW,100.0
K8qhopzv2uPF3c4KA,80.0
j5rpTpwtxvgCXWGw2,80.0
ZDDymnd9jNMKXdgcY,100.0
2XjZojyHkTM6B2x8v,100.0
KW8GgzGwXXnfzzXFK,100.0
4Z38Y7CJAiqhLxptz,100.0
S8LdxyoZdrjStq9Zj,100.0
ghLDmgzCPg5gEJeJv,100.0
utL2ZjjSQuzGrbgNp,80.0
SapwCpfHpj7yGbLEn,100.0
xbwuymTv7TcMJC3Pz,100.0
9o9PDba4EdGZ3Pqzk,80.0
7nXBxXdvPga6ig9Mm,80.0
HGtKRBKHqJXwwDxyt,100.0
PbDuwkMaW7XfDDK94,100.0
EEuTcWbWnnZs5whsX,80.0
fkSYrt7aRTcqELgzN,100.0
cTTRvo2dW6nx4BLCY,100.0
wWKhAHRby6XtspYWf,80.0
aYaz6ygdrC6MqdYW8,100.0
nrjmW8GCJcHiEbYLt,100.0
sm9bRLLoXceJwwQbJ,100.0
N8jNFRs33mHZ58sfh,100.0
xkhumAALQ8px7jRxL,100.0
SE574DGpxEErSyuNJ,100.0
S7X4urdDzCRAAhjhA,80.0
SShL7N5Dt9SmF296b,100.0
vycqs6LYWCEvSTvuF,100.0
6MENs6xq9qonhcFrx,100.0
ZL5kpPcjNd8e8EEzG,100.0
kuhs5EWtWb4jDJ7sB,100.0
TWCBJmNhszjM837LZ,80.0
2mhbTJadn7EqvKEvh,100.0
D3a4dXJResSZWXFKX,80.0
WtQyuGoNQm7qCrLXE,100.0
wfD765wTrEhLA855B,100.0
hCheoqfSxMsZAx2t5,100.0
beys54C57xnR8j4od,80.0
SDmpsztMmK5XENCMP,100.0
sXGhsnYZFohaZS5Zi,80.0
SKhzRr8W8R7FGZzQs,100.0
FnjjAnigzQLwQGA8h,100.0
rnekdChyrDoGK6Zhk,100.0
WucadDe6C8XFTJ9QC,100.0
QqHRSLC9r6oxrXnRa,100.0
bwCDG8kr8RpRW6gQg,100.0
Z87f56SkWWstwgn74,100.0
kT8Jk8xQjFZ3Phn2F,100.0
S5aKvtAMmtSmt3dzp,100.0
rLGmWg3Z6tdwvx8Jq,100.0
XLPKxcDP7TnyXWxHq,100.0
ejbpaEXhuZrjhtgXK,80.0
f3gAd5gEb3Edha4w7,80.0
Cz5neKPD26cwC5fGP,100.0
LyjEHKXdbxkQ9jMi3,80.0
eWksGyZv9DbxEwQFD,80.0
Rx2j5Y8fdP7kBuoMK,100.0
Gg7NmxtXHnLeG4GS5,100.0
RfDJycQjBbiyWNejm,100.0
Gcbhfc4c4Au22ATsR,100.0
xLQsGHGRBXF7aFuHM,100.0
b6utdjEyjum5rf9J7,100.0
BcTPqG5Sv3kLRuZpm,100.0
ihBm4n5vENnxQPZMN,100.0
nBXXTmpKXdxR6ZEan,100.0
N6YF7oEF6su7N88Eh,100.0
E2WZ6frYctc8ixSZu,100.0
GWx9v9uhGphhjApty,100.0
ufigovny5vvqoe2ia,100.0
jGAwb9HBZ7Mt6xhRs,80.0
Nokfrnb3KQa54Adkg,100.0
aKYim95XNBSH7i2Gu,80.0
G6gkkB5nqbhGNeCjx,80.0
xZTHDPnBg2KAwBbxa,80.0
z7YtY4FHKmcRnuRXM,100.0
ppGEoHMZmJxwrY5nw,100.0
cqXdXPnHy62HQnsmt,80.0
kJrJ4gS7Q44KeyZPx,100.0
weioSGM7BKg6rEZx3,100.0
gzRMJH3KFnyPh39mB,100.0
qfRiTwkPGtmPjH6pB,80.0
tufpn5LtypA5KZZBw,100.0
6Mxn7z2c3C7itREg6,100.0
42iXQ4Nvw4GPu9m5Y,100.0
NNQeMXYfsQkDHuMAa,100.0
cR32HE3RJjf3Ep5mG,100.0
ZCJnCZ7DFQiw2RFtx,80.0
wEPaq5rcxApmBiMg7,100.0
oZzEhXRRipgZxjPMB,80.0
rA6SyZY3C7ogi4Aoq,80.0
pPPmnGXD7Zx3JS6tc,80.0
oDzKamFowb2Th6wtB,100.0
vHRJESAHw3v5ECb8Z,100.0
xXoH3kXFNBTo82pdQ,100.0
uaER6HwfkH23kxuLB,80.0
nczG3AYbpeS2impFE,100.0
BfTmF246A6HkK9nJh,100.0
T6vdCzWHLbE2Pbtpg,80.0
uQbefYa3qvNLxdw9q,100.0
nJCcZ5k6uJRZzuuQP,100.0
7KRRcw2rCm6K3zpCL,80.0
WJF4Kax4hEkT3yBmB,100.0
JjbeLbuDETuRy9YyE,100.0
yr3xXwReGEZBjW732,100.0
DnWtLpPMesiM96iJp,100.0
YzeFEtHxKkvfwL73b,100.0
vJAEneKNSgTMh5QjX,100.0
8uusNAaPvCFaPsA7B,100.0
gjSvDmAbQW3FfQKou,80.0
mCag45nCbSCdzPAen,80.0
Ws9AYARSSnKnqWBHf,80.0
DWgHtYD7iJZsZjynn,100.0
jC5aJHwpYbLtNn5JH,80.0
6SqDCfw3PqYNiub27,100.0
XyMsDMjE7QhMLdoFg,100.0
EsSdEhyBPdqg7rNKL,100.0
CKSqEaWFhaj5gWnqD,100.0
c7rPgZTH5DKW7Kn4v,80.0
jEBGbyEns98WN9ZjJ,100.0
mSoTSHD9LiudQPwWy,100.0
5cck7EiZSNyw85i3X,100.0
REF8JD46ehvLW6H7G,80.0
sXq7WaPn63ZvryQF7,100.0
p8cjvzyM66ekz2Tb5,100.0
7FBB6xxwPnZX6fXPF,100.0
tAvvzzSTZ4hTcyRfA,100.0
JjdpziZwNmnqmFEym,100.0
GD5PvGLJphHdFGgsD,100.0
MmeedkcWshnXWeM95,100.0
4tnxcNmWcotxF7TwJ,100.0
Eb9ueHQk8RvMA82FP,100.0
J4A2FtSuJEvS5izsp,100.0
7vE8YdkhsDfmt44LH,100.0
CtY7oKL4gRroMWwqd,100.0
qonpmcFkAPAW2wco8,100.0
Dq4xokCJE5c7uyJoW,100.0
nMHxLMHssk3M98gfM,100.0
MgbTfBes6c6vE7MwL,100.0
7PoTvTMQLfjAYRw2a,100.0
Jjkv5HsDiu9oZsTWR,100.0
SfKyNvwQZPojfvnzk,100.0
taNd6dCXKJMzgoQ5i,80.0
TzEgs6cb9uCSLyCry,100.0
pYgk782K9dZZwBo2J,100.0
3ZdtxeSQdhL7w664g,100.0
iR7bkXjB5chHuc4Gv,100.0
nF5KipNvGZak5ZC97,100.0
4CLvFacYwsmpPbSQB,80.0
KdG7pakDtMSNcxapz,100.0
4p6u6zJBqB2xow57K,100.0
wBiT6wi7wdX2pxhtS,80.0
3NdjxXrR45Sjctqbp,100.0
bjoAAwaz7wNnDjq5R,100.0
JCANLShuiZRyF7zPY,100.0
d6vir4nWrTeMAAxXz,100.0
AcExPR6XkF8efmz7q,80.0
CAX39PrmocS8JzcqF,100.0
PKomyECfXp3TZ557o,100.0
DjRPMcFoMnuxDo8wY,80.0
xPifb4QfrFtKxYvcs,80.0
Nxk8nBgMJfXbbjvEy,100.0
5eWnwMn5nEPRaykdd,100.0
xEcSNxq2xQsF3dPBy,100.0
civAFBCzyL8yzRG8B,100.0
4atuE6p3iMPHLuLTa,100.0
kWiweNF52FxGabQ3P,100.0
SPAXXpds7ZnPQv5uR,100.0
5TgbtL4PYEufTD3iC,100.0
2v9Xnv7BE2N5zvg9b,80.0
3CJgTLdPpz7ZkHEkQ,100.0
wriAwar3HuLfLo4m4,80.0
bKGxFkYsEmz2LPaaj,100.0
Bac3wRsu9teHcNDSm,80.0
HAigRbna4THKmFm3F,100.0
gNg9KRei2tZ4Bs8ff,100.0
fhdWJFHPg8wuqdGhY,80.0
TnuZWQ7ZGaGc9ecy2,100.0
ytbRBs26cNtTqbANc,100.0
hPSeYXiPTn8qf355A,100.0
AizQ7C9Rnh6gkw3d5,100.0
NEw9CRSiewgwYxNno,80.0
ZmgtDnd8z9wPjtFsQ,100.0
3Mmypo97AB9GDg47c,100.0
kso3QQT6FLLGyxWYF,80.0
REr4TYzuzqMfQu4Wv,100.0
qbQTi53zaWKCmwLma,80.0
XjoCtE6bNbsutoWgb,80.0
uhFLuekvtwmQiRidT,100.0
y47pSXhfnLBtTbo5w,100.0
82o5FRxJojatKwHNq,100.0
GnRKN2yDTeWJEAokb,100.0
wGqwakM3Cf5W9k5h5,100.0
K5Y5dW5HLubriJDGA,80.0
zMJ2g33wYJaTF84ZZ,100.0
XNa5qQspWYwbxihW6,100.0
fZtbeQ28HbBxw6p8F,80.0
Whw6dGREHdzTdhRiq,100.0
eJdnWJz4BGgx3nBk2,80.0
gJPzTuKrPZ9P5J6pE,100.0
ytM4nM5zwPvMcRt5z,100.0
XYmTJepTfs5GDTqxP,100.0
NhTuGZrvokxejmwB8,100.0
59iKgJHwx4NxzoTWh,80.0
bpkHiz9SR4Po8xdyj,100.0
JC2n7AgbiAhbSzYp6,100.0
Zaf6MtWrCxJ56MqRT,80.0
4m4iWfpoRPstD256q,80.0
aQqFHFdg4fBmTiFMx,100.0
9wHqfFSyemfRqKYzk,100.0
XD4A47jh82HfG98ds,80.0
jQYjviNpgtoDkdNQS,100.0
BfWMsZMWDqgAEmc2e,80.0
SKa8vyJyKKHP7fsxz,100.0
DAjT55Afrn99vHPeK,100.0
3uP8yzyzKK2D666Nr,80.0
zd2QoGQuynpvwgiXr,100.0
X2fDiagiukhbia5bw,100.0
QN3A2qMGxgRJb9Wnh,80.0
36nhHJ9DHz28AL2QE,100.0
W3zJtjbRJbtJKX9XA,80.0
MPPcTM7RbXpGRPmuP,80.0
7XRo234zYZwgaY2Z6,100.0
mf8szM9FvsrmtPnNX,100.0
FT2dTcKuXqb88ECMg,100.0
vEvuuZznMim6EBsJo,100.0
r2H8ogsDspfW9LEpx,100.0
gTwEMvqWqSPRLmZ9r,80.0
vrFgJjvvhCmNJeTJH,100.0
AT6k33chERgJhqHXh,100.0
yv5NN8YWq9PJGFdzE,100.0
gie2CAbYDqD8z3qvD,80.0
5hKDC5DyqJK944ZdC,100.0
T9GR6ZdvqkSAgZWMr,100.0
RTKEDrTgN4ug8tWTD,80.0
JmS2cLBPjosCpoQo7,80.0
Dd7NjREJ5j5rZmcGf,80.0
k9guf4RyKPH4iLh6g,100.0
54oQZiqXE6mK3voDD,80.0
mL9xmPJvmmYJkDPY7,100.0
vt3kNYumRaapJ7pJy,100.0
3b4sCSg2zJwRtxuEP,80.0
hTSHFPG5azEexD9Gq,100.0
rq9N3n5yYo5sxCqht,100.0
7Cwia3puppynHgsRH,100.0
NdTMzzCh5iCMf9sx2,100.0
meLmRn6yYtRHCPJ6i,100.0
Pubij3yoos2nraBZ9,100.0
iz4ZPmJjvoGfPjdyR,100.0
7PPfRP3gjgQ8jrRwb,80.0
MjmLKMmQaH6gXnwcY,80.0
QxEaiiBKRmdokMtXY,100.0
EAFnZiPn9JpiSuMvK,100.0
4R52A5kP6ni5Xz8NP,80.0
3PADWXxkrQsckMxqc,100.0
JD2SABmZiez26kc2D,100.0
a9JX5bb7kqrAamqv3,80.0
vC5YnmLnqYFdWWc4s,100.0
RdmP2syXtz4zQKEjb,100.0
hfdvGzrGw5ZYC5Taz,100.0
sqLxBza3vquyNbLT9,100.0
vwXvfeYRwcTuhrv4i,100.0
yFscBMrpmPDMcF9PR,100.0
YqiuWk96ee6Cnwjix,100.0
RwAZWqJQ5jYybeDqq,100.0
q5SuYYB6g7D5inTvj,100.0
5sriikPK6P4BGZYjR,100.0
fDnkN7zYTFfQNxnwN,80.0
J3xbGxutYBKZx9Sdm,100.0
5psscR2ztanDWe85s,100.0
7PtXD8ePem5R26YNy,100.0
F3siKDnXqPiP2msH6,100.0
MgN5ktjCRRGJqxLbC,100.0
KSNdC9n8BJAkRYt49,80.0
5cBQTwwngQ8YhtDRw,100.0
KAjBuDyF3F539HAwA,80.0
G7j8oCzmqWJGR58yE,100.0
YRcMJik4ye7pHHi6L,100.0
yzxe6sFwtbTMyPyZq,80.0
2xHNzC2rPTyhgj7y9,100.0
shn4AMFSD4DqxyWZj,80.0
4vHKXwf5ZrNdjEqb3,100.0
r5aAGkHYMoELPRrpi,80.0
xpDb2iCNPX3sFfzLe,80.0
SAwTgJi3nSTMXuPXc,100.0
bcFvok4z3FEJf3LAa,100.0
5v5pXfyZDH7qfdbR9,100.0
6CNxnqpMJ5Hhv5Pwg,100.0
omkqxz85aLbPLAbdh,80.0
QkGqXovanvsFCAeyz,80.0
9yr5pCZJPAxcwfr8i,100.0
GKE3fD5cHD6w2GxgX,100.0
MAn7ygQ68bigesHWT,100.0
WREbZkbWRSDcgkFYe,100.0
z6AJ7yFzuoDXEwqrg,100.0
ZkBfsPB4YE5EuzQ5S,100.0
xRGuoeKrSn6rtRBqC,100.0
GJBKroDsRADayWKPn,80.0
pWtkxWu4wo3Lf4g8i,100.0
SJHd3zz6b6ghe7aLA,80.0
cgME4r4jmsYNRkmnF,100.0
mppiwcsSMh8MM6LC9,80.0
HcByNfsC2oviDWLJp,100.0
vjMDvYjLiHDgK8uc8,80.0
6EPnMmzrgrBDCNhuC,100.0
h28oXzmJiKFvYEd6w,80.0
mmAHDz4Nb3MLhbQCF,100.0
iehtMDeY7exS6CKLL,100.0
d4GHboHHmGWj8Xaj8,100.0
qJHYcwGEXio5oszsc,100.0
mFC9ziEXLMTzHsxY7,80.0
b8isFLyhyum3ikAgL,100.0
MphazJdaaRCnYSpsq,80.0
MkLgAhjTGGLC3AedY,100.0
DdYfSbGMQzmFHvGHb,100.0
HppJJoTDJCFLRivLm,100.0
cY73JBYeJpXByRjLT,100.0
zKMkhbM6zT9Ydzzco,100.0
b9EcAp5FdRnQemKXx,80.0
7MnLv5axX2mKbtD4b,100.0
y5sEk3YY4ev4vGHTK,100.0
7JX4uYnxFz3d2u4rC,100.0
fb5WxgNneeEjEC7Ly,100.0
ySysyYDJYWobQAzoE,100.0
gpSrJsvv5MZMP86RN,100.0
TLbxR86uYWNyYbvW8,100.0
7xSwxrX26nafR8LuS,80.0
CtMMd9Z7Gpcs8aPRu,100.0
YFtNmbMMtLvCkPgPw,80.0
9BLcJrmLPbDnoSLNz,100.0
PN8MY38KstYW2djYg,100.0
dGpwCKmY8nHDxP9D7,100.0
ZjADHP2etmcCuF2bo,100.0
zxxfbHxZnf2Hv86ix,100.0
W3neu9cSLsGseNRHM,100.0
xzykQyPkYYiedq62q,100.0
jEoYxzdBC5qQS3rPn,100.0
9CtjBGr9dgWvhqkM4,100.0
L6RBtr3Mh8r6ygewN,80.0
m2Xem57Axqbi6G4eg,100.0
CwDp2kHtau2eBqBng,100.0
Pb9g8vTwX2HRD98FA,100.0
dvibgoTfQrTXtQv8R,100.0
m9siiyGh3AZkBAwAz,100.0
mCoLRavPuKRvbNuT9,100.0
86S5yHfAvhaBejmNm,100.0
n6R539dAoBF5ztauF,100.0
XTFJ9YahNwZnrjhyY,100.0
m28c6MySRgkwr8iur,100.0
R2NhjRKmW9fP972Cz,100.0
MXRoWHJR9vtyZPChp,100.0
d3Fo8NFuL8db6B6e7,80.0
JKPHh9cMExWAg6Ghs,100.0
tSZc8sKgF3p5rYTQR,100.0
DmLJWG55MJksDfDjB,80.0
J27z7g5m864ukips6,80.0
xc6YBKAtxwmA5YEsN,80.0
PLWYozgdh2XMDjypr,100.0
4sq3Kw8aBEqY9RHZY,100.0
PeEwxQoP5P7E6cgs7,80.0
o4KBp52YgriDK2iE5,100.0
2WXy2JM84vc8Tmguh,80.0
kBYCJj3hyYzxyYSLR,100.0
in4QNixrgScYs69cY,80.0
dkAYKAGyS98mrZwZH,100.0
xLwPqSz9XpcNtAcGi,100.0
WTAFK5sTurec7gEk8,100.0
vamNSF4zobBP6hmFc,100.0
5cpFa4JZXssoNkpwN,100.0
364mTAz7nLboDYEH2,80.0
M5hNam9QuZsqGeRZ9,80.0
H4qqycHxb8tLti7Zo,100.0
TPaW42YNS48HB8PnZ,100.0
9vwq5zy2impEYsT6n,100.0
LgsxR3nT6tM6pr93X,100.0
xTo2Efv8tjJcfvo6Y,100.0
KeXkDnuEpEDgeFbBf,100.0
sfAtXFndWmrnZXy88,80.0
qbAqbfSNAzt7h3hkJ,100.0
ug7zxzovuMag7vQjC,100.0
nR7iz9atJmFYHder4,100.0
9e7LvHo4T8AmiRwLA,80.0
tK4bdocwRjmNtdCGu,80.0
gA2MgzMSpj7f3LF5d,100.0
Z4t2b2tCsZroBGZPe,100.0
K9Yb3Wd29xbzcYRjo,80.0
rpHJam2Hi8wtEDGBH,100.0
kYgaLEGY6RvfJzxtF,100.0
qrWDzZQJah2iaF5Su,80.0
h9TnyLZRFESCgPSCC,80.0
4L2NtxKg73uSqefwo,80.0
urSLKJY5nJEPLS26A,80.0
LPYiRd5jHLDxLN6ZB,80.0
KfG4jSBnafXh9Duu3,80.0
uaB6MwyKt9akwkXax,100.0
irNvtcQpTXQQgykjH,100.0
t6TDFoAvoz33Nb66x,100.0
Z5raMjXdMPe2umNoP,100.0
C6mea9hgxNdioPtoJ,100.0
2uEftrspFpDhn4ohk,80.0
5oiPFWLS2ghxDJfen,100.0
c3hA6Bj4q5dqfMdZs,100.0
CujdP7efdueXS69Xf,100.0
DBspfNdPfypuhZbw7,100.0
kjXryrpSdJYcnGfP4,100.0
wBi6SNTAGoR2LTy5X,100.0
8nfaZ8pkHERSaSFZh,100.0
6aqQb43qyQLp22Xxk,80.0
99SuTTfAoJ2Quwqc9,100.0
oahBf2WwiZpbBRp2W,100.0
bHrAaegfqbHzojGYP,100.0
6Sc9iErWWC7JLhxgP,80.0
FG9NipXvh52P5drcq,80.0
QqYSDGbPJNd2uWYq8,100.0
r23aWeiFKWbNmT6SC,100.0
czuaBxvnMxKH2GMpH,100.0
yevQ9inYZB8tYjMoK,80.0
kKJJ8zv6G7jhJcmFs,100.0
yZhucEtqqncd5f8mr,100.0
NwBksdFghDdiqZkJn,100.0
LhFjBPwSFt394eZG7,100.0
hXxjHAv9kKakGMrCo,80.0
7G5aiPcRsgueWw6t2,100.0
rMfRd5zxNmXW56i5c,100.0
HqLqe388M8W5WBssP,80.0
TAJ2dLmiFqTmZ456N,80.0
xFG5uNmpvCW6etpxw,100.0
hJgFzFdwS6QEA3Bbe,100.0
NLQbWWiLLuWfMnGP9,100.0
HN8q9Xiy9A4C5JE5j,80.0
PtAiXAdKeT4dC3D3q,80.0
cMqNBPRJsbSJvFRh7,80.0
dmKenraNhdawuQhe2,100.0
YQtH7e9zp9LD2GA2j,100.0
ZRiruKvkSPFLcASyN,100.0
dtWxSboMpXsjYoiwL,100.0
72q7NGXSexLeMDbtf,100.0
cfddqNnvyM2d4KKwA,100.0
S2MmJWkfuM4b7f8No,100.0
iymtk2GEsmAWD9W76,100.0
AYDs8tAHEGC8y5pJo,100.0
XKnWidxxr3P4amM6j,80.0
fQbze8MQ9HyHop8vh,100.0
frbkMEiAdYGAeuG6c,100.0
wkBX6u5Wu6pYutTqL,100.0
w6qSa2E9cdHkHya6j,80.0
PxQwKdWs9PbCtTa2y,100.0
zra932R6TBtKDi4e3,100.0
cshrsmpwer95Za447,80.0
MweSFgkcH7b9NW62B,100.0
FPW6icbfsWvSJ3ZdE,100.0
8yY7mpvMkqDQr7Kuz,80.0
Mh9PF9GRataRTW4o3,100.0
WWSgxundAMoBCsWRf,100.0
mHKfKGCrDcd7YLRwQ,100.0
E5JFPd3RsWqrcvxW4,100.0
rbjDDsbgQ5TqBGfN2,100.0
Qqkk6xwddQp2aD3JC,100.0
hRaLPXrCs33Scqnfc,100.0
3pafXYjf28hEaTGeD,100.0
mpohxLrTGyg9BmadX,80.0
QzdCwsup98NAEiPQz,80.0
Q3cN66BTPXGPMxHQw,100.0
marNvzdTifGDE9noW,100.0
97H36nGtjc2WskR4Z,100.0
eY6T3Whcxo9j6YFEF,100.0
A2YyQo7HsYvaKBFED,100.0
FRCRkL46Hq65WDNZY,100.0
SsthP7ja5ZKZAKgkk,100.0
SyKY5vypqz7fnCnM2,80.0
dJkpNhtzBq8eLrmf4,80.0
PP6MTgHjscbzYnRX5,100.0
jMoTkpoxP2H54awja,100.0
teMgPtvceCeNSZecr,100.0
zZ9QbY3HFqAWagAj3,80.0
f3mSQPPtaPWu93L3u,100.0
hGuNg6mr5n2tJChLa,100.0
3NFHsRJav9nRevayp,100.0
tqQxmfBEbEvXJMNQH,100.0
ZtNLQ2rGNpdM8Q8Qk,100.0
DJKyqxjfyWqsREthY,100.0
iniMLkAGtgBjeZowd,100.0
DN3ijg7viYtfxA4Z7,100.0
XkR8JALQwsss9wTNC,80.0
6SDWGT6P9eJ3M3Naf,100.0
GiHCpepFKDgiqSX2M,100.0
C6jzo4wvmhBys5QS3,100.0
WoWstST7M42J9eESE,100.0
7QmSCLiH7T7T8DSGx,80.0
W5ossvS3YDkkcKrKs,100.0
2TNMJjAXP8xg5wJon,100.0
dboF7omso6GTLe5SF,100.0
vAPPBok8x7A6yvxq6,100.0
KxWvGA9P6ZuPnzWBX,100.0
gAcXGnZADYMtM3qWe,80.0
zzCAdpr2PAR76Bz8z,80.0
XTMHopG2H8y95X9SD,100.0
PP4waPv8i8njHjDwY,100.0
vmSGpXxsHbiPbcoZh,100.0
RmJGxG4fcbGr6siyd,80.0
78dX3RCxSQABTT9ab,100.0
fPRiWJ2hrodwdvjH9,100.0
vCFyc9WC69py6DwyT,80.0
xzcaGT6AHRzzXoFpR,100.0
XRaRK2dqYeoQC2asD,80.0
CG9GakwTKeKutaWEr,80.0
RwCWsLtjdmWR6DmqD,80.0
cjx2v69LJuuA3uYmk,80.0
yWXqDN52aP6mGy49T,100.0
4fsrm6hdktkkBKQ4A,100.0
2gHfdNSiNsCeeKQrx,80.0
6ZijYeeC38x34Hp6n,100.0
d2L2Qq2j4GxLz9Yho,80.0
bRqskoNNWrgrFBAZ4,100.0
FFMLgou2SdrDr9kpD,100.0
q73D59gjL9rdxz8uP,80.0
KfefH4dx452s9wWLn,80.0
qppapMzsiu3qqHfqL,100.0
oQjdApnuXohQ6Npxo,100.0
6wocKSSQFJqXxmZNW,100.0
fTr68w637EY8n4BYB,100.0
uykDsFuNQ8QgdcmCg,100.0
WKHS9ANc5Pnsei3La,100.0
ngJsnQweRHXGhE87i,80.0
rTWKRKqGhyxsqqfQS,80.0
iyvdpYfyjRgyJ2svu,100.0
o2z3iaaXougBDNe2h,100.0
dhYZKhxry2PQhQWmX,100.0
ucj2Z39jKH8xhdcQ5,80.0
doFBzzZePywzN2E3T,100.0
WPtBhj52Xu3fWcSP6,100.0
3LyagfTYFxkaFKxmY,100.0
8zD7NEF2knZdnChrG,80.0
62QSbexwYeC9P4Bct,80.0
sDiDSJgyirtviK9hr,80.0
H7ZdRzbK38NJ4F33W,100.0
KXoMsrhxmYYhdEade,100.0
kFhxiJD9Rxorcqn4F,80.0
9AkuZcsvsMk7fDqyh,80.0
2HJyg5sWZGTkgtike,100.0
3eQDi63b7nidw7mYX,100.0
LRzpmgKy9dDjPEt3y,80.0
NQLzvfPmT5KbiHJri,100.0
8scPqmWfWcLQd7iJN,100.0
2YCJEjiQzi66Zm5zy,100.0
vn29wkYjnb537iMXy,100.0
DoYGBM94GJLqRWdLF,100.0
YKMfX3Xe4Yow3eJXa,100.0
pREwq32aJ858T9Mmr,80.0
ERYLcdx5sBaznGuAg,100.0
L474RQyhDg5WniCn7,100.0
wLepELdzRxG65yBQf,100.0
jaAECujeDn8aYffrn,80.0
6uSPetPmyLJmGN2jJ,100.0
eTesEkTKDppsQKwt9,80.0
mJMDCEqvwqCJhPcqc,100.0
xJGLBFqExSwErJPaf,100.0
4JdDw7xRikpL93Set,100.0
5EGEcQgZ67oLWdxSA,100.0
jHmPXGyWxrG4Z8mEc,100.0
CixmNrmTea9YS53pZ,80.0
zYn9LLEtdxMKZWmaT,80.0
sD5BfZG46sSFeZ8cQ,80.0
dc6XStvPM98SHd8jF,100.0
PSXWm6mWx9WSDN2i5,100.0
4sLYCGWFTEXSPfZC6,80.0
7E7Nh22GjNMZ6fBLK,80.0
CN78wB4PMMyse4ego,100.0
8YhBsdAihXFaMKWBe,80.0
FsrvDcp6XtzCAK4jw,100.0
HM8r7DBHhrtZQLJqu,100.0
xK2qc5p8SuwJsvrpQ,100.0
MyEeJ9iwa2yhTujqM,100.0
FS7XBnoybqocxi3tz,100.0
CSnhYgMJdvhDeLen3,100.0
hhaRTKmvSPbGdXPCM,100.0
GivpvvYbQjhssyPa6,100.0
QyjP2aDTHunjCbK9A,100.0
k52m7XaTTxmbdEZp3,80.0
2wEK9RHR5Wc7ec7EW,100.0
ARLRwYMMBo9KWckjZ,100.0
aKgi928CXg6j4jHQK,80.0
qgwRfKj4t9tHnwj7Y,80.0
wtvTkMLj2mLpA8wC3,100.0
p554jjjNnmJxAx56E,100.0
TcAkySZ52CQw6u4rY,100.0
9T5NprsRwyGhPGaDT,80.0
jYiFfjrtpYrreRNeP,100.0
4XjsSmfmevKaFjKEr,100.0
JxZM6SeXQr9kRpkDB,100.0
TC8JctZfQLcTAh69T,100.0
E8FKoZfJa9Fd7NQh8,100.0
vEGrfCrWPnELCybYu,80.0
FHGswZ3itYd3A7LKs,100.0
niHMG7E9KsbLdrq5C,100.0
nrLH9ZgSSEewtGCC3,80.0
a8vRi7aWhL3DqMBef,100.0
RWobtjoWhB6gdBaGP,80.0
3CBTrCREmbFPn5Zhd,100.0
E3MHiERx6dqLRmrh4,80.0
KGEv8WuDJqF2GRJhc,80.0
dyCvdSwj76CDe3QMu,100.0
MbN5FGy4pYCveAEyj,100.0
y2mxmb7mJiJLibsGY,80.0
j4fvqeoHhGvfMjybt,100.0
PQZGioAb6NGLQqgSB,100.0
vFHrCx4hzGW4bEHKP,100.0
np9bMdZ3s7h2jQ3pc,80.0
Pq8GRoTCXdtY7hxJc,100.0
Brfxfo9rRsZGXk3Te,100.0
YogqGQdCZkj8A3HbX,80.0
MdwycNGJrXu5Fagnz,100.0
HXMy8JYx84QF9Arz4,100.0
6r4aWEt3fxYfSRMg9,100.0
vPzz8T7Tfz4BYnvus,100.0
rpYHM5gMy43gBs7XP,80.0
JfudkW6ogx9P3sW4M,80.0
crryAhjNsQfGLLNsT,100.0
z7TgBgCiHhNLNmZ37,100.0
v94J7CmbvXpNDKq3d,100.0
wrPTwmfZ4CAypcqof,80.0
JyewPQnL2t2ereQav,100.0
cWSDMshAckZyundHe,100.0
WKgoJ7gmwCW3Todmt,100.0
ELPYyfcDRf2LMZpFQ,100.0
Khm6YQH8k7689S2Ye,100.0
XHXofbdhoezEH8u2X,100.0
ZJxFMJPFWKbFQn8d6,100.0
EnqXSdFj9zT49Anwc,100.0
6zTk7jvid4REH3fMF,80.0
42uPzZCWHqAcAXZZF,100.0
RfkGSuNcZtTnTZvqQ,80.0
A8DRqwgBYrNAiZffW,100.0
E9unsJaPpX9dtHygC,100.0
yuTkwZgughezzmjDs,100.0
iYJ6yhgeiC2xxTWS6,100.0
KfTmpiTzZjAcbfr6e,100.0
4KZEisY5MiZLEjQ94,80.0
RDiruahxqYN7ohQvt,100.0
SRTZBTY3YYZkTYgWf,100.0
BGkzjboR2C74vGfrg,100.0
EaBaDcGcPyvePntad,100.0
zEEdZiqY2XtREvbDX,100.0
hsGHMwuZ58jyzhY3S,100.0
PyBazqvqy7rm647tK,100.0
NWbg6iFjqaund9dsR,100.0
pDjRWeP9ku376AuEB,80.0
8EcChojQJXnWFr35j,80.0
EM97atAARRmgB3abp,80.0
WfDcAvi4wCBqyo8c7,80.0
4aifkMjo9JQ5dRv8a,80.0
9WxjLGHq9xY9s6qbi,100.0
PzWDmGoKqNEvcutdD,100.0
TdvzJpAAD2NqrazEp,100.0
LLJKGqoM4FjDcbGQx,100.0
S9zQz494LpSrmtTnA,100.0
uHErJqF3SP6rDiCAD,100.0
D6PvNBEaSBQf3dudd,100.0
NPBMxE39vm6j32k5J,80.0
jpWv5SCrWJ4RqhhCB,100.0
SDAPxMEJG6RnYzCxH,100.0
h3XwGuHhB6hbnuRM8,100.0
GAM3ftAKYJbbFgtsF,80.0
tXJDmdwTbvPR9TCxL,100.0
XDesWrEyBdTjJYbXP,80.0
sqPpQxbHHxLS6T2aL,80.0
8EWNpXmargHifsRPY,100.0
33jJ9yPx8i6k6Fvbx,80.0
LJGck9HxJ8wuFzrjn,100.0
qGHBykzrKccqStYaa,80.0
WnrCQMbbg9ti6hGsR,100.0
JvjNqq7wW4WGiQ2ux,80.0
yw5Fo4YvKocZ4npkg,80.0
ao82wsEC3sik7FxDb,80.0
FNt9Zx3S8vBisrtbw,80.0
KgZBuX73zajB2GkRF,80.0
Ef9NbCa9HtnzKJGoX,100.0
u36JqHWCNqXmnJzSp,100.0
r66HHffonCp2TRKzE,100.0
kKnrh3StCyfDXjCgc,100.0
Qqf89cg86vgN2iLuf,100.0
dAkGLfH664BZReEEF,100.0
5kxkkRHSywMKvrkYg,80.0
cq2Bq6aw2M7zheaKc,100.0
uvrXKG9SypRswARqN,80.0
vRuBTtfSRCpwcKwt8,100.0
YYxRwccBQeC8aA8Mj,100.0
MSe4fFYsFWyEGmZMu,100.0
HgzFQBv9S4Zi49qpd,100.0
PKD8ugXX4r4qs9RuP,100.0
TCZq5bLfZYrDSg6Ji,100.0
LZqWeKLkGorpEEQKt,100.0
HTrMCu6A9AYr3Ac8f,100.0
oekrFdPyTknZRSMzi,80.0
NcZvDGWeuZDh9Bs2M,100.0
HTgvrcSLB37ETu8EC,100.0
y8oed7fiCpmcs9Skw,80.0
2ymrnEHpuQQBbczXh,100.0
bRB8qGWP6EgumfJpW,100.0
prWYfQevBrSNjwAYd,100.0
j7BGt3Xg7nMeuyxpd,100.0
frYrBjcXLLyBmYp9H,100.0
zoiBg2XhgYB6FriEs,100.0
SfMi5ADKnbFvzSPHt,80.0
tK72Fr2PYAHzDsQW6,100.0
MwJrt4cba4QmLMBPp,80.0
bBtdJGMkujXRdShoY,100.0
KRjkPMc2kpJiryETj,100.0
vcR9Se2vmTNXQTynH,100.0
GrNPcmTFXP75fbRBQ,100.0
27MH3cTpcFRaWjDZv,80.0
mby62aBGmShm8Cqcx,80.0
DiQYcBzPCacZqowWn,100.0
SzGmu3NgHnFBfTfYb,80.0
QgnQu5LHzMEuRHWGt,100.0
N4cfBJJLQv2xZN8YK,100.0
9WyYraRNSB2L4NQyf,100.0
2knv8AWrpj62sL4KL,80.0
9xpd6ojPHtdcrB62w,100.0
kTeizJgkJnS5ua6NE,100.0
KrX45mDH3rchAxSGT,100.0
KH2qHjHsRXcKkwKsB,100.0
BDPh5Te2Jv5TTzeFb,100.0
TQW8DMtzTxKDooGuc,100.0
GJbpL4WL6dQ3nw2CJ,100.0
57REhHN4GBpGYqfJK,100.0
JcWneD7LmfTRC2Qob,100.0
gbJJCbHZEg4TrcZdv,100.0
vdAqk5CpHekP5XhfH,80.0
aXtyaxwK8eHw2WXWe,80.0
Sp3ZMesdnq4m6g3iu,100.0
HWmmdwC8j8WzJEGZ4,100.0
HxmdxRaqJQ8KXFBKw,100.0
249Fp3BstY4QZaXw9,100.0
KHdiHhsTZXeFSAW4E,80.0
XNkoEzi7Yoj7hLMmj,100.0
GGnYa9vyR4jHMsRNS,100.0
SkhfuHG6kaFsP4zza,80.0
abprmack269ASGJL6,100.0
bxx5vG69bruYgXY6s,80.0
b42yEg3XbJPPYWPqG,100.0
NzAuxRgqYHMpiD7fQ,100.0
A3ZJ8EdLkta7gmFu5,100.0
LM4dBBMXkavRXWR3H,100.0
etZ5FK86PYQAetYbJ,80.0
n3DLbjyZgsLfCY3BZ,100.0
SAdfsZWDEfcQAbbyS,80.0
Teav8dLnZi5aBxjrN,100.0
B9RKnmBq6ovkqK4te,100.0
vp83X5qWdzFAzBBZY,80.0
XA65xtSxpai2zCcrf,100.0
2aGvbLviCaNDe5nDG,100.0
jnaQbnTRFbxiZtjXe,80.0
tpWQDa8iLoQMfsNei,80.0
v7KQRPGJDhSeaAqLF,100.0
bXdzr9Hc67YguRyHh,80.0
W8ijDrSPksXdEaqvN,100.0
545qx7vp3xhMLwFGz,100.0
D7u8wMFBSsr9TaXnt,100.0
gJmFLa4mAAXjbYyzR,100.0
MuAmnTQiiY7FyCGGB,100.0
pEdRpYX8hyZgb2XoK,80.0
oj3ch4nnZw6y8Yyx5,100.0
LhoPi9vtqPProxWav,100.0
rXr83NFoeBTbdRJgq,100.0
9Gze5Jayz4jd4HfPz,80.0
LfTmrxv4qEb8tM6Cf,80.0
vk5EjygB8RQdWja2i,100.0
FgAKCotrRXFuzAXsj,80.0
HCoXGmHrkB3p4hFfM,100.0
Fpz9bM66nRBhd9KxS,100.0
BnsuRkWwWXCNxBx5t,100.0
ZspgMXRvJ4cduZYME,100.0
ExizjqnN9twFSxuyg,80.0
AqWTRQr5EtDqJK4pL,100.0
H3iAG6cCgiTeZWjYb,100.0
ZQoCvsv47qjEYYnMm,100.0
QEDmz8DftNuSXaJ5E,80.0
97dMysndhaBRBtCpx,100.0
msh2mBn7nEtBWMnoZ,100.0
KW5ryY9nXjD4Xg2kS,100.0
gAwTauaY45AgbH6pm,100.0
AuSq27AxKxquWkcpN,100.0
vBX4goTSSEA5kEG4i,80.0
EXyA7dPBJCaK3Ldrh,100.0
aF9D4PRP8Bk5jJYRP,80.0
ZzdszhGLke7TugPM3,100.0
Na5rnTaoyf2mZrk2j,100.0
ari2a3Lcnht3XtR52,100.0
FrhK3wyGdCp3Kmdmw,100.0
dNEDHR2mfbpQyg6HC,100.0
QmijGmC7xNfQzvrvD,80.0
c3GGKCRWiu9smZdyS,80.0
GHngi8KFFcNL3nDCz,100.0
2jNqFFBkimaSgK45S,100.0
DzxCyAaXDgTuG6J2b,100.0
K8QXnCZckid4dkqXc,100.0
zgsnwKMM7FSeWBP64,100.0
zkbaJtQzrRTzgSMdd,100.0
9SrSZdr3a5ttKBHTr,80.0
2M6BsSiJSrrrYrweE,80.0
yk5esrPntFaXRrH7Q,80.0
9HTP4Eig8XyHwaiH8,80.0
wcr73NTcxemXeFPdG,80.0
Wecb8c5WX6ckboSam,100.0
jBKBFwDSFSsPQQ5yh,100.0
XRFTsAmZdmkeJe56s,100.0
i535MbPJQdcvcoQkt,100.0
MsXkmB768MiLvotYz,100.0
h9PvQZRP3hYdiXf3a,100.0
SpYmxpToXfnRRL9d6,100.0
itKB5DH2tqJTkxCjt,100.0
LGx2pLy6P6pyLdp9f,100.0
ZNtgrCeMDKSFpzaNo,100.0
ym95zNt4KiTM6d4Em,100.0
8SJ7WzvKMZ39Smgj4,100.0
CT8z69t4YEneNFA4n,100.0
tQQKDTFiGvJAyL6XD,100.0
Gbv8bvRsmpgogoBi3,80.0
uyiJeaTc58nQuLFvv,80.0
44KorWQb7cANWWiWJ,100.0
65gHhXzme5zstANWs,100.0
fi2qD6vPwC8QjrEhw,100.0
qFm4pxeGez7q8hpMv,100.0
4N3FAaQwB4dAHAx5P,80.0
YuTw9vT3xfNTHRWX5,100.0
f2NLcGKnbNtwMyXSt,100.0
AhCNTm3K89m3r6Wpr,100.0
CcQ8rdHQRqS7aCckC,100.0
cjfzhQowemi4JmGph,100.0
rXuTLTHX9kQ5KTAfz,80.0
Q5QYBq8Y46Hztahgz,80.0
x8Z73TE6iMZxwYbdD,100.0
wWWXA8pLynpZpEyqA,100.0
RaEpbGPjKAhssC7Mi,100.0
3iWQnS6KNDc9PLcTB,80.0
Ewzn92qmtBxZpBntZ,80.0
dssdyZ8ETJgEnZXjd,100.0
X9dQESCQ4QP7uQXKR,100.0
T2KfyxfhLCTRipSv3,100.0
znmuqrtHyX39twPrH,100.0
SQPMz6oeouwsGQXE6,100.0
8cWgEfgc3GnKsHSfm,80.0
dgatsMMg9wtdk4YTo,100.0
SBoQpDJ4XhouYuR3F,100.0
6PKAS4NrxmHGj7sxm,100.0
mBToZiwAS6qcNR9Ga,80.0
aXuhWdW6xenJTPo7k,100.0
TzYRJCjFgqSfHKTuy,100.0
hvkofth8kABCtDMBZ,100.0
7Wms8HWY6oFJNfqu5,80.0
RykWk8rJtPEmi8fiW,100.0
MboBBWa6dcQSqPSC5,100.0
4aJ6otrvhnpKkreJT,100.0
oYoYTDteW9Np4DHnf,80.0
JGR8rrqA8ha4L8ZiN,100.0
4RF6SXBQYhycqJEtt,100.0
YeqF9s6efEZdg7spD,80.0
My2kdCeXdZeX4SE5L,100.0
r9qPixDQZRPG4xeCt,100.0
om39YfozmzQiqJTRB,100.0
JqDzXZCx25MTSsqXx,100.0
EHYHJGbkuq2Y5DeMD,80.0
JBx4ggc46ACyGozBt,100.0
NTFMpXBdqv6rb5Mje,100.0
vxsGzczY8yRTP6HgM,100.0
e2kGXjaLMpA9iBooB,100.0
RcRHrnMJuB2oSBpLx,100.0
jyXMt9BmGsLPo8RXT,100.0
cKb38dDDZenGvyFQf,80.0
5ZWToN7A3v77KyRkF,100.0
bjhws8HNMi8ezyWWK,100.0
G4ewR2FjD5pWuG3ko,100.0
v2oeDMswJFu4AFG2j,100.0
fAjCtmCusbgQoDKFm,100.0
vtYsvudpubQSz2Cfw,100.0
xa2atgCcC7mr3KvwZ,100.0
ZFHbPijnNb9Twvm7o,100.0
XfgPPgJrKsHNgP5Yu,100.0
Q3LpWWqoaRwXarqSy,80.0
hzuYN7hn89n9Rwbz5,100.0
Rtuc4SuzDPQLd3hEY,100.0
m8nLh9iB9nFXAS8mQ,100.0
eWhShJs6mvnPHGMi4,100.0
67feCnHr5GjuanBiW,80.0
Y2zinDPxL9gQDHKX5,100.0
kPxfmkkvjoWohhvN3,80.0
Be6Qx2G4BCXeM6Kxx,80.0
8mtRdtfGbbX4LP9Nu,100.0
jeoA3Gcr5MbLXaE6R,80.0
kMkmxujHk9Ds78pd3,80.0
rdBdXJrynzDFES9wk,100.0
srBB2rS3fRrqmoWEe,80.0
u6sACqiFJqWginXk8,100.0
MiW2d7Rv22PhLYnvC,100.0
DZWXsKAkJh9HRqPKa,100.0
Cu6CAwmg7cXADXwkx,100.0
eCXPHm28DF4SQfzBs,100.0
hbEZysiekB3yc4gyi,80.0
TDYgJb7vCzHpf3DB5,80.0
4BpkQ93jvSZhZpL4d,100.0
zC55LfXEDPGrmPzgc,80.0
j2YdbMxxotA8vCkcL,100.0
5tYmvrEDGwdmvmKEx,100.0
LK8eAmbRE2c2j3Hk9,80.0
FbAG5d2eovG3C76G4,80.0
9FQgBWRawEchYcLyc,80.0
ok9mS3Mvovqb3BEge,80.0
9tpJwpacASLjG7xsb,100.0
PimYXZHywAztYFwk7,100.0
w22ZDBwNd9ScDkrvm,100.0
B7DXZke9kEjs3iWTk,100.0
eJNBEXfb9hysjJxNc,100.0
8zixfivyA5AN7rtTm,100.0
AN56Q7WJKDAGuPcvP,80.0
NpRu8iaKzTLYnxd8n,80.0
NPXkEDFzRSJRftevL,100.0
oCp8CKbK6YBQh66yy,80.0
8dD2XjdjTu8pcakQE,100.0
WGRTEbXAAb7WmZ5LC,80.0
APpPSP2TNbnmWAB7m,80.0
wPXfdsHSBRbvjmEgv,100.0
n98kL2ek8imXgtuXP,100.0
pMsSqvj8fiqkTmAHH,100.0
yhAJ4Nxag3mnZbeGL,80.0
7mwRWcTfzYxEXunc2,100.0
tpMGMpfL5EGDhgbRc,100.0
Aaqz5zGJi55C5mSbM,100.0
Mj4wpQS3cSuk5eH2P,100.0
KXF4ZkCnjd8omvjFb,100.0
qaMC6aAfJGJmRDwts,80.0
HN8fo8yDDrWyCn5Cf,80.0
vuSCv92ZjZ7nwMAvz,100.0
Lyu8iWtiCA8TWkPtm,80.0
Mfi9w2p8tiu6YRjmA,100.0
JurNbZL9iBCAC8EAx,100.0
gwTdGPmTtKvRQYnQD,100.0
4ZoZe6XMfC5DLDL2A,80.0
YMkvvLWMdFjq8FBYm,80.0
zeQoeZeESAJ5Xacqh,100.0
29qnoFY4jX8SBfZLo,100.0
fB3YRo9zh9bEnaCNZ,100.0
tHaoQNPTLrTYQXieE,100.0
MAQFsEipBgEApGmKm,100.0
252EbTRXTX6hQgduQ,80.0
N3KydtK5ijDjipdqv,100.0
jbbG3L7qPCThTdqYK,100.0
6gZHSoSXDQit4yYFG,80.0
oFeznjucmuyMHwSH3,80.0
EmggzuRPSvQfQ25i6,100.0
smADvTegC6GruLTmp,100.0
YFjBeFvLMM2rSvtg4,80.0
Q6LwLwP5iHeqzC8Sm,100.0
e6nDPPEuTuieZr3bm,100.0
zCAdY7cZANLc6TgmG,100.0
Zb7q9PMYmNMDDXqRj,100.0
nAYKPGo5G6hPbjFM5,100.0
j8vmEvDjG5cecgJ6M,100.0
tgzw35j5nc7bREkYX,100.0
PvBSFCDicYijJRaBZ,100.0
gMTM9zCbBDgBknrPA,80.0
gcQgoWD8w4ZdwEANQ,80.0
8SYH48cmE3pvSeH6Q,80.0
HAp2r6QbkwtmS7TkR,80.0
tKBjAAk4SX9QMYCDZ,80.0
Yk9SXDgRescqnk7QF,100.0
iXLjKkTbmW4Pbg7fF,100.0
9qgffToz94cu8GYnp,80.0
yeHgwp6fX7oDrSuhk,100.0
N2L8HpFSKGQkPyYFm,100.0
SJgGvSuvjYCvp7jAv,100.0
si22TbxseLYTsfGSN,100.0
ucd5n8KhQLWzP6ojE,100.0
w9Eozv7mefGwe6qY8,100.0
hraxR2mL4R76HfxMC,100.0
zg8cbrArnBm7tAcew,80.0
r4xZTJtZwJ8zAayFA,100.0
ji9Q99Ep7F93sZXZF,80.0
j5rcMpTs9qmXntBvR,100.0
vGaQ4dS7Pf7MvuPM2,100.0
zx8c5CnQ3Rek448We,80.0
zxrjNPvzsxskNR2yL,80.0
8au5vT5AMZDLcgT22,100.0
XcxNY8ExdE3AJYoXQ,80.0
qw3h2RYnArPkk22aj,100.0
FLu2KBFR56mN5HvQ9,100.0
uQ3XoGay4CdiRC2Lj,80.0
9ma5NM5XGRmQ7F2Jd,100.0
tsT5mxHoE8uRCeZXX,100.0
isiEMgdbaKiwcYDpg,100.0
2YyvmiYMDeojPqWiA,100.0
exofox4H8dcarCFDr,100.0
Tw3gXhuSrxR5kMHAj,80.0
weptLgexaXgLk22Cv,100.0
3tZJKwPfb6riSL9TN,100.0
TpGo8bG2Z3AMmANjT,100.0
ZTFBhTmir6FcKH54F,100.0
MtccrPB7aA7ssEit2,80.0
z4r6ycuZ7KTfwojbB,80.0
6wAja5HQpvRoGmnBc,100.0
tDx6sEoqqGiJTM94q,100.0
q6aXcrF8GeSZ6CHLE,100.0
koDoBeH4w3XWTfwpC,100.0
36E5KMmqDvhD3zxco,100.0
bYLLDLDdQo6F4jEb3,100.0
jNFGYKWo89QuMswXY,80.0
Es4i5GYPCXiKc7jET,80.0
8DJpd5uKrKMmwf9No,100.0
jxbC2Xaye2ByokRnx,100.0
uhiwoLHL2CxSCMckJ,100.0
B3wqbwwHJXCcXZHhp,100.0
kXG68dj9hmP5a35sx,100.0
gCdNHhJF45H6F2NkK,100.0
CsKRni5ESXyXSRNGd,100.0
Myv265ztyjmn2KZdj,100.0
uaN86unhhvAzuLFiv,80.0
5CsGu3YvijX6Ax8D4,100.0
ghxZFwHtwr8ujEHmD,80.0
pMHLydher7H25n5ue,100.0
cDC3aMPGTt8Wwyr84,80.0
zxaffAjARxrCmWBwT,100.0
2wYHArqozHezRRYDM,80.0
WCh7SgopaJnK2Lm4L,80.0
KNSyyj4fvMFgR9b8o,100.0
LhrXPQaXmW8oq6L27,100.0
LfRRfvjDp9HxNE234,100.0
9mebXuCxE62cYrHzn,100.0
5geePhgYCwxMJbRSz,100.0
7xGKXyoe84mcpDwXu,100.0
M6xrBPn4M85QmzsB3,100.0
hcLF9LP28RFkSEvfJ,100.0
E6LdEgdfHkBpnRquB,80.0
sS9tKZxefX2u3gF7C,80.0
aC9sCtqwz6Tq6ggrc,100.0
PKLnitkyFtPcdE3sP,80.0
KtuWr5xcNumyMZ2Mr,100.0
unNa32fbmmpLGXNni,80.0
uk5C8FMa3Q49KGj3N,80.0
aD7fN34HXPnxFDoX2,80.0
5yxZb3NXrsME6agjR,80.0
2BWTRLmcPZ6Lj5S7H,100.0
8wwBWRXiBmH8YyJCP,80.0
kXqMFZikAgC46vXht,100.0
KKc9X4ht3wfHHBCtS,100.0
5CNESry87WkHF9jhq,100.0
3r8jkSKq8Ac7oQexJ,100.0
83aurGWeRgEpm45SM,100.0
mpJE7PQ76sbFuJQi3,100.0
96ortSuhqFJZLrKkM,100.0
C39RHMqx32benr2GP,100.0
uyo6RkXaY7jNeN8gD,80.0
zqJafD2eubCYinp5z,100.0
sMMbQHeeD2hY5kSNp,100.0
cMoKZmsL7xhNLENbe,80.0
5WiuBqgTLZQoxkNea,80.0
6qQQtDSMCP3ajFLvw,100.0
3dueRWpnyjPrzZ6cQ,100.0
GTrzPo2B29MdPu76P,100.0
LqdL3FTED32cehwyw,100.0
nNqbu4vrGY8sBAmGf,80.0
zjx9bHzDKePNkhriD,100.0
cwLKPH9trmqqtrQBR,80.0
p6gH5k9MaG6DSjto4,100.0
oqLhQGzw8hmzogeYp,100.0
9ymd9zNLEGbTLhyQm,100.0
jCN85PAHfBac9JEFB,80.0
j7KogBQ4bBRiezsRe,100.0
K8jc4juHQpbyBxreN,100.0
rXXobFQeJvF7JXL9L,100.0
TArc86fYDLRwAWP8a,100.0
eRKju3FeufT5ynMcS,100.0
qeritDd2PnZMMbLi2,100.0
2gqEPKQu5rJDt7bwu,100.0
u3onWvnoZZmFiPvC9,80.0
Y34bjTxzi5eiiwMZj,100.0
tw56hxmYs4x9bJMRj,100.0
B6RZkCTaBy5qk2eMA,80.0
8gZx8AHJc9XWANWNB,100.0
cQx6k2Zd27uja6SHS,100.0
d8nn7pc3gLTmHsr6t,100.0
7FX9kdEfGab9fzirM,80.0
J9oKfMCoE8MjcQDxE,100.0
CeSHPtdmFcX9R6WAd,100.0
jSTg6YBeWNadCFLGm,100.0
zsQeqjoBfb6ALfTRE,100.0
9iqmoywdtJQgLQRuK,100.0
b92f8Dxaqi4YNkr4E,80.0
dRdoFo3eaEWabPW8q,80.0
GGhYHbgytKCHByeMW,100.0
8WSXd6uTP9tKnd2om,100.0
eqrJgKjfTLWg6vYaT,80.0
fuNEbeEZzLp3hRw4C,80.0
aiiPN64kvpGT7nDra,100.0
BJrYbLxQSEvTmCXDK,100.0
jorFhZYcRkQHzNFcR,100.0
yvT2j5aZbtN5gJLWn,100.0
owRcaAFdrS6zhT6ah,100.0
BfCFN77QrTvoM6SWr,80.0
5qAcm6pNdbnqLTpFC,100.0
Cgpf4AjzcGPb3R6zn,100.0
BZhD4hfwPE7uQfyvr,80.0
TykmtzBkSWJrceQuA,100.0
Qzovo7u5MKDSFA7fq,100.0
srJdNRzYXbzQxbiKN,80.0
uesoSpD7tWkvNM4gj,100.0
SCnid9b76rqtEfPPk,80.0
NJve9b2aG4Ti3WcNh,100.0
KH6E2y4guQRFFT4G4,80.0
K6rSQEgjw9d6YrsaW,100.0
wjsXeB7jrpySxWcqy,100.0
RCfa9bykGoj7Lf3vi,100.0
dQBaKz9Az9mKM4i87,80.0
xL43fe4oCsK68vYYc,100.0
oDFjqxnHHZey5KjNR,80.0
LG3WGrQGmTTMiYGNH,100.0
wf4G6T5YhFC6S5jC5,100.0
aCdMn2puRceNi6XbA,100.0
eKwBrcrzjxZmweQgs,100.0
5Mv8ACdyC3HsiHsts,100.0
7e9xDHwhaJiSrP8c4,100.0
iwwwY7qpXLqFFd9jP,100.0
qk7nCeWBpEnydJAp8,100.0
WMHp3GFxDSWi8CEcW,100.0
BzbomhXjnYy6WhcLC,100.0
CrZAALhAJm3thSgM9,100.0
82dcZCZGuksHHHppN,100.0
CjXvF6GLSPTFowAyY,80.0
HZFSR7XpGfoWTPa3o,100.0
C5Gd2pNf2Zt6zWLds,80.0
4Mb38WXRJqi5SqzsJ,100.0
yj4tnw8vdkaRzpmYy,100.0
mc3Gx8RKbCiGLtJAm,100.0
ZENvySkamEPK6cEfN,100.0
sQbGrmJgRjf4AHaL9,100.0
5dkDbGQ6iJRaoFteL,100.0
A3uZjPiQaXHgYx3kf,100.0
2y5ebqMoG997cEm6a,100.0
NrQETqCizCjqf7247,100.0
dcpvZdDLyJf7x5CaM,100.0
cRc9AjhxWNMeyT54Q,100.0
nhSmxqbSsP8nivDdo,100.0
2QGe5YS9zRzz6BKCn,100.0
AnBM7ancnFHxfDwEi,100.0
ZHNkBqng4WRXMnJbE,80.0
CWJfnW32vdR4oMAze,100.0
nfacxJ6fbmHrJRh9j,80.0
Hrvb6eHaJWjBeHw6r,100.0
XRLs97mB8xZcRAesm,80.0
koZ9geXt4DkdMH4Ld,80.0
j5suK9ixHcrMCXStL,100.0
8CGvG5g8dRFggSSTB,100.0
GGBPkCgvcQ4p84xzB,100.0
9NoouKspE4sQzsNfj,100.0
3X86ESmcEGzWmLpAK,80.0
Pst6rPPvFA4duQ4ax,100.0
zsmxAbXPEw5X64vAB,100.0
uSLnh2bWPo7FAecDQ,100.0
fJN9uNBpLHDj8Hyyp,80.0
b5yRrS4XWRx45uL3X,80.0
GEMkWfuNJ3Nn2CJrZ,100.0
WCcThe5HbEnMwPrir,80.0
dCAqitQCqbH6of4g8,100.0
hAfE3gebfdxsygivo,80.0
vNweJm4x88tEykiTY,100.0
S7LZJyEvsMp7qENiN,100.0
Q8WKpjYGgNXLKDFbu,100.0
JwPsmH94PdbkDCP4x,100.0
yqyeY8S3Aq2fhxseR,100.0
5sh5ZiBxgkRwYq3pL,100.0
EdW9AHh6aJ5EZWPT3,100.0
fAtQYW7nFtwmTZYej,100.0
Lnp3wzsfMnh5egpzE,80.0
Py76wc73nauMEZuPv,100.0
GdMFzJc8YKas4zGKt,100.0
NYbQZ4zw6kDbivhJ9,80.0
3N6sSrMJ8MTdLeKwG,80.0
oxT7aJHE7JjbNxpjj,100.0
dQzjLadbhdkaYXxDR,80.0
yKH8kfExeMry6tgu2,100.0
jaP2XAYQaRXFLLD6M,100.0
BJ6HcbHzZZGHmgSp2,100.0
NxhBFTJcPp2Ki6xGN,100.0
zvFkocchPmemi3v9W,100.0
jMuCbFNvwREfvyskf,100.0
9WLBre2jzePF8ghSL,100.0
rWJ3Ao2478Mdgx4uw,100.0
KNhJ5XzTp6zgMGBsR,80.0
fHZbTBeWsnoC7Ptig,80.0
xEugEpR3MomJh555P,100.0
4kob2555GjZN8HhGu,100.0
Qaqq2BRdqmCo6xQog,100.0
AxLncuxF3hseYFePr,100.0
jEXPRkG43u5yDH3Eu,100.0
SzEuyG5zWp2jhPdFz,100.0
Em8k5wXquRxWaHzCv,80.0
SMAw2onJTmAuFQ8Ke,100.0
aRnGYnWTuprt6qpc9,100.0
dabLbeBhDmsctthhH,100.0
hkLFyg5dRAS5mun3D,80.0
Qg2XihLunQ2uxYiqi,100.0
CubKhbeb3xJ7kfh3Q,100.0
DmAvNCtYytykeyCT9,80.0
WM9yTBeqzYEga269s,100.0
gP5hPnhzbNzBkWJaf,100.0
nzb5NTjptC7sqF9pf,80.0
34AtWbtfELixDSujB,80.0
E7ZBXjuoLFSmAQspd,80.0
rxoYgQZiJ9CEjCTNS,80.0
NsWjmBNizMxm7RWZY,80.0
yLg3yapoaaKPKQ5rw,100.0
xfzkm37Mbnj9qf2rH,100.0
HKE84LQT5Whu89AvP,100.0
xbXpSFpL42TM2hu2P,80.0
ccdy4XpjNAqHgd6wK,100.0
wjhzkQv7pnBPYTqKy,80.0
KTQk8q8CPHTznH7WM,80.0
3Tcmfq2n5i6mjaMqo,80.0
wnHxHomJE7b22yoKQ,100.0
hsxCK3cxCy5JYzrkf,100.0
KLRRLCZwcZBrJypSR,100.0
YHEKqEg5oKB2mnvMn,100.0
GAuHdRqoDKu9poNmj,100.0
n6RoqLEb2Zc7Nqibj,100.0
wEsFnvZ4de6EGYuMA,100.0
PSGrBxfApNqEywaRt,100.0
rMm4jeiG4RAhQBy5h,100.0
aiydfE6SBtTQjx5SG,100.0
Pe4Tm48vQkz6w49xX,100.0
oWDP5uSS7CWCJmh7S,80.0
iYYbzP2jT7BBPXHhs,80.0
KStECNnXNdPKjqZmP,100.0
JwTEWvCnH2G7XTaiN,80.0
htdQvLb3XnvddGchm,100.0
q48c9hwgx6rqx7w8L,100.0
bbME7h84JWaqnRWmW,100.0
tZp2MRTnmK3Gifxi2,100.0
RYEzLPkXuYGiw8YSv,100.0
sgJu3gg3Ps2as7TZM,100.0
YgZDkhcy4oNGMmZMN,100.0
TZrwybuR3ymaz69eC,100.0
r3W7gTuusbBPhs5Zh,100.0
ioR4jkEZr2xenjhwY,100.0
aci2GNTeAYt7XAhwF,100.0
AcBR6L6FaWDhuW99Z,100.0
HmhwzG49vPT2bJzfC,100.0
uEkDxEKSuqvsNwHrE,100.0
F2B24NtWtPKQgYqg9,100.0
nbpb4eGKFRpkKvc7x,100.0
Y9XFrJDHtEy92bWbd,100.0
hsmzzHbpoc47wWxN5,100.0
DZ9aZjC5BTBNJRcec,100.0
dSk6wEPXnAQFhY9ZH,80.0
qTZFYAwkiX8Q6Tykh,80.0
f42rJdwAzQvkYrEPA,100.0
u5SMo6buSrgpv3MPj,100.0
HaKjb3Z9WzHo8rvY2,100.0
jH4Ft8xayP8nAL4tS,80.0
9f9rbBZmvHcQc4b4Q,80.0
zAiNMEzWe4KXFif9K,100.0
k33DyLPEP2rSPtRGc,100.0
9kPeQRzAsaDJShLQj,80.0
ahbChygDkPYq3LPvZ,100.0
HEtdxKCdhFTEEiLJM,100.0
aHoqWaBk3usAQBs2v,100.0
c9TjsA8ZnhoR2LsZA,100.0
oSZQEjupQCAM7kzDA,80.0
QL5fyPFAAvWo6AK6L,80.0
Bwbf7sBioh6rEor9o,100.0
9piGcoGoTevfLnsNn,100.0
3s9upeKs9pSMW5bsv,80.0
gQWDWJmCDheFndXnP,100.0
x5PopYQN98ofbgfFm,100.0
bPGya3AB48N4gnhyy,100.0
kBiT4wosb2y2pGKRq,100.0
qvRQsqXpiDABgryne,80.0
qyRXnPTti9MSaszS9,100.0
7JPTidpSh9cPraFCh,100.0
fv5NQPYRzrf5bsHn6,100.0
2J2vshRhz3XLPpWcP,100.0
Tim8Y7Bsp8RGg7Ae9,80.0
KxvR8X4uZwxrNRYLD,80.0
c7bhGFTy7FZDHTGxx,100.0
6r8GWyMeXkNArgxJF,100.0
rM3vYmcGHCcjtZhq4,100.0
77NDwBLR4bDDd7BGR,100.0
jMAxNKx48yogjdxKL,80.0
p6GXtLzeotWYDm6zE,100.0
gWMRd2GRfEkp6ftvu,80.0
MqP6sX8a7i9vZyMKf,80.0
7tc6uv6iWYrHrNxBq,100.0
ErdAXQKsuSHdy4k3q,100.0
S8moSXMD8wY2XpeYX,80.0
GfzJp4GKYBhWgLGh4,100.0
aHvzfWBKcskqWpJbB,80.0
48o4xfKf224brb29k,80.0
BAavYozGZkh66X3Q4,100.0
bmQEjZLEcDf8kWvHW,100.0
3YNfWA2SZMZjxEoRM,100.0
uf5cRRiymnjWhSyGx,100.0
wAyBGCgHXd6DH4rzT,100.0
cmXKENyPkdw8s4Avj,100.0
m52MHhZTBQ9uDjPab,100.0
XRtr3cWdZk9MbRqsY,100.0
gGtTj3iihpNoDFChZ,100.0
FYr6P3BP6hXrQAWda,100.0
TJTWu47whzTWbkTp8,80.0
MNySensRP6gfQ98CY,100.0
rXnXD8RKbtxR2ftak,100.0
8qtd67RrQ4Ct4jT2r,100.0
pxfd49HuMAzhWMcEZ,80.0
vnWbim6ohCf6KPsmF,100.0
TpzafYecJsWCeRoTE,100.0
aeLQXrco6xGDE2Pou,100.0
RhAuDWHK6yvzhhFu8,100.0
zfhGmfqjbQs8zBMcF,100.0
y79PEjYXLJcgHG4Gs,100.0
umdXY7Ket99rsjWTr,100.0
aTYeqSxFMczpALCQu,100.0
TbWdN9Tacfk7pJaDF,100.0
